id,first_name,last_name,email,gender,ip_address
1,999999999999999999999999999999999999999999999999999999999999999999999999999999999999999999999999,Campbell,dcampbell0@cdc.gov,Male,36.81.7.175
2,部落格,Henry,chenry1@oakley.com,Female,33.62.176.67
3,() { 0; }; touch /tmp/blns.shellshock1.fail;,Kennedy,ekennedy2@geocities.com,Female,25.42.113.108
4,"<>?:""{}|_+",Freeman,afreeman3@mozilla.org,Male,202.113.215.248
5,ﾟ･✿ヾ╲(｡◕‿◕｡)╱✿･ﾟ,Richardson,drichardson4@goo.gl,Male,23.183.116.161
6,1'; DROP TABLE users--,Taylor,jtaylor5@gov.uk,Male,17.63.148.199
7,0️⃣ 1️⃣ 2️⃣ 3️⃣ 4️⃣ 5️⃣ 6️⃣ 7️⃣ 8️⃣ 9️⃣ 🔟,Watson,bwatson6@yellowbook.com,Female,23.46.216.25
8,Œ„´‰ˇÁ¨ˆØ∏”’,Reyes,creyes7@altervista.org,Female,85.74.140.152
9,⁰⁴⁵,Mills,mmills8@mozilla.com,Male,170.49.243.40
10,部落格,Chapman,echapman9@surveymonkey.com,Female,141.238.140.187
11,１２３,Lawson,glawsona@nydailynews.com,Male,83.214.217.184
12,0/0,Burton,aburtonb@twitter.com,Male,78.124.67.168
13,../../../../../../../../../../../etc/hosts,Coleman,rcolemanc@state.gov,Male,192.12.17.149
14,../../../../../../../../../../../etc/hosts,Simmons,gsimmonsd@dedecms.com,Female,13.250.141.87
15,`⁄€‹›ﬁﬂ‡°·‚—±,Rogers,erogerse@japanpost.jp,Male,209.23.243.120
16,",./;'[]\-=",Stone,jstonef@dedecms.com,Female,68.154.234.115
17,1E+02,Ross,mrossg@noaa.gov,Female,5.242.139.102
18,åß∂ƒ©˙∆˚¬…æ,Barnes,jbarnesh@deviantart.com,Male,27.191.157.27
19,👩🏽,Reynolds,greynoldsi@1688.com,Male,1.30.47.64
20,̗̺͖̹̯͓Ṯ̤͍̥͇͈h̲́e͏͓̼̗̙̼̣͔ ͇̜̱̠͓͍ͅN͕͠e̗̱z̘̝̜̺͙p̤̺̹͍̯͚e̠̻̠͜r̨̤͍̺̖͔̖̖d̠̟̭̬̝͟i̦͖̩͓͔̤a̠̗̬͉̙n͚͜ ̻̞̰͚ͅh̵͉i̳̞v̢͇ḙ͎͟-҉̭̩̼͔m̤̭̫i͕͇̝̦n̗͙ḍ̟ ̯̲͕͞ǫ̟̯̰̲͙̻̝f ̪̰̰̗̖̭̘͘c̦͍̲̞͍̩̙ḥ͚a̮͎̟̙͜ơ̩̹͎s̤.̝̝ ҉Z̡̖̜͖̰̣͉̜a͖̰͙̬͡l̲̫̳͍̩g̡̟̼̱͚̞̬ͅo̗͜.̟,Hunt,phuntj@amazon.de,Female,52.204.10.169
21,␢,Bryant,cbryantk@i2i.jp,Male,107.165.234.101
22,✋🏿 💪🏿 👐🏿 🙌🏿 👏🏿 🙏🏿,Barnes,cbarnesl@gov.uk,Female,114.115.225.14
23,✋🏿 💪🏿 👐🏿 🙌🏿 👏🏿 🙏🏿,Price,apricem@ameblo.jp,Male,84.133.200.109
24,Ṱ̺̺̕o͞ ̷i̲̬͇̪͙n̝̗͕v̟̜̘̦͟o̶̙̰̠kè͚̮̺̪̹̱̤ ̖t̝͕̳̣̻̪͞h̼͓̲̦̳̘̲e͇̣̰̦̬͎ ̢̼̻̱̘h͚͎͙̜̣̲ͅi̦̲̣̰̤v̻͍e̺̭̳̪̰-m̢iͅn̖̺̞̲̯̰d̵̼̟͙̩̼̘̳ ̞̥̱̳̭r̛̗̘e͙p͠r̼̞̻̭̗e̺̠̣͟s̘͇̳͍̝͉e͉̥̯̞̲͚̬͜ǹ̬͎͎̟̖͇̤t͍̬̤͓̼̭͘ͅi̪̱n͠g̴͉ ͏͉ͅc̬̟h͡a̫̻̯͘o̫̟̖͍̙̝͉s̗̦̲.̨̹͈̣,Morris,lmorrisn@nbcnews.com,Male,152.29.227.48
25,␢,Garcia,mgarciao@washingtonpost.com,Male,16.131.90.123
26,<img src=x onerror=alert('hi') />,Medina,dmedinap@t.co,Male,29.149.224.171
27,NULL,Brooks,lbrooksq@cdbaby.com,Female,125.45.172.19
28,울란바토르,Garrett,egarrettr@surveymonkey.com,Male,16.16.205.109
29,!@#$%^&*(),Mills,tmillss@dot.gov,Female,224.100.230.54
30, test ,Reynolds,rreynoldst@rambler.ru,Female,105.12.210.25
31,$1.00,Robinson,lrobinsonu@guardian.co.uk,Male,43.50.170.33
32,ﾟ･✿ヾ╲(｡◕‿◕｡)╱✿･ﾟ,Chavez,lchavezv@amazon.de,Female,222.201.250.122
33,../../../../../../../../../../../etc/hosts,Wood,dwoodw@shop-pro.jp,Male,127.158.8.92
34,/dev/null; touch /tmp/blns.fail ; echo,Olson,molsonx@webs.com,Female,214.131.145.166
35,"בְּרֵאשִׁית, בָּרָא אֱלֹהִים, אֵת הַשָּׁמַיִם, וְאֵת הָאָרֶץ",Martin,bmartiny@mac.com,Female,127.225.53.151
36,❤️ 💔 💌 💕 💞 💓 💗 💖 💘 💝 💟 💜 💛 💚 💙,Sullivan,rsullivanz@rakuten.co.jp,Female,221.108.28.61
37,999999999999999999999999999999999999999999999999999999999999999999999999999999999999999999999999,Allen,sallen10@blinklist.com,Female,9.144.25.15
38,̗̺͖̹̯͓Ṯ̤͍̥͇͈h̲́e͏͓̼̗̙̼̣͔ ͇̜̱̠͓͍ͅN͕͠e̗̱z̘̝̜̺͙p̤̺̹͍̯͚e̠̻̠͜r̨̤͍̺̖͔̖̖d̠̟̭̬̝͟i̦͖̩͓͔̤a̠̗̬͉̙n͚͜ ̻̞̰͚ͅh̵͉i̳̞v̢͇ḙ͎͟-҉̭̩̼͔m̤̭̫i͕͇̝̦n̗͙ḍ̟ ̯̲͕͞ǫ̟̯̰̲͙̻̝f ̪̰̰̗̖̭̘͘c̦͍̲̞͍̩̙ḥ͚a̮͎̟̙͜ơ̩̹͎s̤.̝̝ ҉Z̡̖̜͖̰̣͉̜a͖̰͙̬͡l̲̫̳͍̩g̡̟̼̱͚̞̬ͅo̗͜.̟,Sims,jsims11@youtube.com,Female,135.14.64.7
39,"""",Hawkins,shawkins12@loc.gov,Male,183.16.237.39
40,הָיְתָהtestالصفحات التّحول,Reynolds,nreynolds13@de.vu,Male,237.173.136.245
41,åß∂ƒ©˙∆˚¬…æ,Reyes,jreyes14@yahoo.co.jp,Female,19.143.187.249
42,1'; DROP TABLE users--,Thompson,athompson15@joomla.org,Male,211.17.17.108
43, test ,Torres,storres16@bloglovin.com,Female,251.4.9.42
44,(｡◕ ∀ ◕｡),Butler,jbutler17@ftc.gov,Female,11.155.135.6
45,ﾟ･✿ヾ╲(｡◕‿◕｡)╱✿･ﾟ,Henderson,shenderson18@cafepress.com,Male,192.151.224.47
46,¡™£¢∞§¶•ªº–≠,Andrews,randrews19@fda.gov,Male,26.239.120.184
47,"בְּרֵאשִׁית, בָּרָא אֱלֹהִים, אֵת הַשָּׁמַיִם, וְאֵת הָאָרֶץ",Wheeler,mwheeler1a@4shared.com,Male,53.192.15.169
48,👩🏽,Morales,amorales1b@joomla.org,Male,183.206.128.253
49,",./;'[]\-=",Crawford,tcrawford1c@deliciousdays.com,Female,182.103.64.183
50,",。・:*:・゜’( ☻ ω ☻ )。・:*:・゜’",Stanley,tstanley1d@nytimes.com,Male,234.252.58.245
51,../../../../../../../../../../../etc/passwd%00,Campbell,jcampbell1e@yellowbook.com,Male,100.116.14.21
52,NULL,Lee,tlee1f@foxnews.com,Male,152.12.155.149
53,NIL,Morrison,smorrison1g@hostgator.com,Male,52.73.102.155
54,-1E02,Peterson,apeterson1h@accuweather.com,Male,80.116.30.10
55,'',Dunn,ldunn1i@squidoo.com,Female,32.168.185.255
56,・(￣∀￣)・:*:,Wheeler,gwheeler1j@xinhuanet.com,Female,92.231.229.170
57,!@#$%^&*(),Williamson,mwilliamson1k@mlb.com,Male,177.50.124.78
58,0.00,Morales,lmorales1l@amazon.de,Female,224.41.177.103
59,1;DROP TABLE users,Jacobs,mjacobs1m@yahoo.com,Male,92.1.44.132
60,̗̺͖̹̯͓Ṯ̤͍̥͇͈h̲́e͏͓̼̗̙̼̣͔ ͇̜̱̠͓͍ͅN͕͠e̗̱z̘̝̜̺͙p̤̺̹͍̯͚e̠̻̠͜r̨̤͍̺̖͔̖̖d̠̟̭̬̝͟i̦͖̩͓͔̤a̠̗̬͉̙n͚͜ ̻̞̰͚ͅh̵͉i̳̞v̢͇ḙ͎͟-҉̭̩̼͔m̤̭̫i͕͇̝̦n̗͙ḍ̟ ̯̲͕͞ǫ̟̯̰̲͙̻̝f ̪̰̰̗̖̭̘͘c̦͍̲̞͍̩̙ḥ͚a̮͎̟̙͜ơ̩̹͎s̤.̝̝ ҉Z̡̖̜͖̰̣͉̜a͖̰͙̬͡l̲̫̳͍̩g̡̟̼̱͚̞̬ͅo̗͜.̟,Sanders,ssanders1n@mapy.cz,Male,199.207.138.44
61,❤️ 💔 💌 💕 💞 💓 💗 💖 💘 💝 💟 💜 💛 💚 💙,Gordon,jgordon1o@1und1.de,Male,20.248.228.89
62,åß∂ƒ©˙∆˚¬…æ,Simmons,hsimmons1p@clickbank.net,Female,119.214.206.42
63,﻿,Bradley,hbradley1q@slideshare.net,Male,177.66.31.12
64,/dev/null; touch /tmp/blns.fail ; echo,Sanders,wsanders1r@amazon.co.jp,Male,24.71.138.197
65,・(￣∀￣)・:*:,Gilbert,sgilbert1s@google.com.br,Male,254.58.101.38
66,｀ｨ(´∀｀∩,Reyes,rreyes1t@ucla.edu,Male,30.140.154.234
67,𠜎𠜱𠝹𠱓𠱸𠲖𠳏,Gray,jgray1u@vistaprint.com,Female,162.164.82.23
68,null,Brooks,cbrooks1v@senate.gov,Male,129.144.66.252
69,¸˛Ç◊ı˜Â¯˘¿,Foster,cfoster1w@constantcontact.com,Male,231.214.121.207
70,᠎,Gomez,sgomez1x@webnode.com,Male,243.122.172.104
71,',Garrett,jgarrett1y@discuz.net,Male,42.108.232.60
72,-1E2,Bennett,jbennett1z@china.com.cn,Female,189.111.246.189
73,ﾟ･✿ヾ╲(｡◕‿◕｡)╱✿･ﾟ,Campbell,scampbell20@vistaprint.com,Male,133.83.16.240
74,1;DROP TABLE users,Clark,jclark21@europa.eu,Female,177.231.120.46
75,𠜎𠜱𠝹𠱓𠱸𠲖𠳏,Weaver,dweaver22@aol.com,Female,63.29.241.15
76,​,Gardner,jgardner23@lulu.com,Male,149.36.174.162
77,"""''''""'""",Foster,rfoster24@mayoclinic.com,Male,187.97.125.98
78,​,White,cwhite25@icq.com,Male,214.116.84.4
79,␡,Franklin,mfranklin26@is.gd,Female,235.135.191.24
80,null,Black,ablack27@pagesperso-orange.fr,Female,45.171.113.49
81,部落格,Hill,nhill28@biglobe.ne.jp,Female,161.192.56.223
82,1'; DROP TABLE users--,Lawrence,jlawrence29@about.com,Male,16.0.117.111
83,和製漢語,Cooper,acooper2a@tripod.com,Female,173.173.198.195
84,1.00,Stevens,nstevens2b@bbb.org,Male,107.113.15.129
85,0️⃣ 1️⃣ 2️⃣ 3️⃣ 4️⃣ 5️⃣ 6️⃣ 7️⃣ 8️⃣ 9️⃣ 🔟,Fuller,tfuller2c@umn.edu,Male,2.35.203.230
86,̦H̬̤̗̤͝e͜ ̜̥̝̻͍̟́w̕h̖̯͓o̝͙̖͎̱̮ ҉̺̙̞̟͈W̷̼̭a̺̪͍į͈͕̭͙̯̜t̶̼̮s̘͙͖̕ ̠̫̠B̻͍͙͉̳ͅe̵h̵̬͇̫͙i̹͓̳̳̮͎̫̕n͟d̴̪̜̖ ̰͉̩͇͙̲͞ͅT͖̼͓̪͢h͏͓̮̻e̬̝̟ͅ ̤̹̝W͙̞̝͔͇͝ͅa͏͓͔̹̼̣l̴͔̰̤̟͔ḽ̫.͕,Tucker,atucker2d@discovery.com,Male,134.107.244.29
87,田中さんにあげて下さい,Richards,prichards2e@netscape.com,Female,22.156.146.123
88,åß∂ƒ©˙∆˚¬…æ,Reid,areid2f@technorati.com,Male,190.81.195.183
89,0.00,Berry,hberry2g@mac.com,Female,186.119.194.222
90,,Morrison,lmorrison2h@stumbleupon.com,Female,9.113.160.229
91,˙ɐnbᴉlɐ ɐuƃɐɯ ǝɹolop ʇǝ ǝɹoqɐl ʇn ʇunpᴉpᴉɔuᴉ ɹodɯǝʇ poɯsnᴉǝ op pǝs 'ʇᴉlǝ ƃuᴉɔsᴉdᴉpɐ ɹnʇǝʇɔǝsuoɔ 'ʇǝɯɐ ʇᴉs ɹolop ɯnsdᴉ ɯǝɹo˥,Jacobs,kjacobs2i@deviantart.com,Female,19.60.114.110
92,👾 🙇 💁 🙅 🙆 🙋 🙎 🙍 ,Miller,jmiller2j@vinaora.com,Male,238.194.100.231
93,ÅÍÎÏ˝ÓÔÒÚÆ☃,Fox,jfox2k@infoseek.co.jp,Male,220.208.205.160
94,⁦test⁧,Dean,jdean2l@senate.gov,Female,123.223.210.7
95,¡™£¢∞§¶•ªº–≠,Thomas,jthomas2m@yelp.com,Male,123.177.178.167
96,-1E+02,Hicks,mhicks2n@seesaa.net,Male,254.239.9.73
97,1'; DROP TABLE users--,Allen,kallen2o@example.com,Female,108.106.250.61
98,",。・:*:・゜’( ☻ ω ☻ )。・:*:・゜’",Ryan,jryan2p@devhub.com,Male,175.74.165.71
99,-$1.00,Richards,srichards2q@craigslist.org,Female,0.54.235.1
100,1.00,Sanders,ssanders2r@parallels.com,Female,254.211.246.230
101,/dev/null; touch /tmp/blns.fail ; echo,Perez,pperez2s@last.fm,Female,190.121.159.159
102,<svg><script>0<1>alert('XSS')</script>,Hart,ghart2t@hubpages.com,Female,35.146.127.207
103,パーティーへ行かないか,Diaz,rdiaz2u@deviantart.com,Female,29.185.56.62
104,Ṱ̺̺̕o͞ ̷i̲̬͇̪͙n̝̗͕v̟̜̘̦͟o̶̙̰̠kè͚̮̺̪̹̱̤ ̖t̝͕̳̣̻̪͞h̼͓̲̦̳̘̲e͇̣̰̦̬͎ ̢̼̻̱̘h͚͎͙̜̣̲ͅi̦̲̣̰̤v̻͍e̺̭̳̪̰-m̢iͅn̖̺̞̲̯̰d̵̼̟͙̩̼̘̳ ̞̥̱̳̭r̛̗̘e͙p͠r̼̞̻̭̗e̺̠̣͟s̘͇̳͍̝͉e͉̥̯̞̲͚̬͜ǹ̬͎͎̟̖͇̤t͍̬̤͓̼̭͘ͅi̪̱n͠g̴͉ ͏͉ͅc̬̟h͡a̫̻̯͘o̫̟̖͍̙̝͉s̗̦̲.̨̹͈̣,Torres,jtorres2v@latimes.com,Male,15.10.184.190
105,˙ɐnbᴉlɐ ɐuƃɐɯ ǝɹolop ʇǝ ǝɹoqɐl ʇn ʇunpᴉpᴉɔuᴉ ɹodɯǝʇ poɯsnᴉǝ op pǝs 'ʇᴉlǝ ƃuᴉɔsᴉdᴉpɐ ɹnʇǝʇɔǝsuoɔ 'ʇǝɯɐ ʇᴉs ɹolop ɯnsdᴉ ɯǝɹo˥,Pierce,rpierce2w@google.com.hk,Male,75.163.204.185
106,部落格,Kim,akim2x@yale.edu,Male,38.154.165.113
107,１２３,Harrison,aharrison2y@odnoklassniki.ru,Female,149.50.243.138
108,"""'""'""''''""",Peterson,npeterson2z@wisc.edu,Female,210.204.200.11
109,̦H̬̤̗̤͝e͜ ̜̥̝̻͍̟́w̕h̖̯͓o̝͙̖͎̱̮ ҉̺̙̞̟͈W̷̼̭a̺̪͍į͈͕̭͙̯̜t̶̼̮s̘͙͖̕ ̠̫̠B̻͍͙͉̳ͅe̵h̵̬͇̫͙i̹͓̳̳̮͎̫̕n͟d̴̪̜̖ ̰͉̩͇͙̲͞ͅT͖̼͓̪͢h͏͓̮̻e̬̝̟ͅ ̤̹̝W͙̞̝͔͇͝ͅa͏͓͔̹̼̣l̴͔̰̤̟͔ḽ̫.͕,Burton,jburton30@upenn.edu,Female,100.87.125.6
110,œ∑´®†¥¨ˆøπ“‘,Patterson,mpatterson31@unesco.org,Female,202.153.189.246
111,1.00,Hansen,ehansen32@marriott.com,Female,227.247.70.103
112,-1/2,Mitchell,jmitchell33@fc2.com,Female,200.102.156.159
113,　,Fowler,jfowler34@sakura.ne.jp,Female,250.193.160.98
114,␣,Jacobs,rjacobs35@amazon.co.jp,Male,7.214.139.88
115,⁰⁴⁵₀₁₂,Burke,jburke36@hud.gov,Female,69.151.230.209
116,​,Moreno,amoreno37@merriam-webster.com,Male,246.233.198.74
117,␡,Wagner,cwagner38@sbwire.com,Female,18.197.167.103
118,ヽ༼ຈل͜ຈ༽ﾉ ヽ༼ຈل͜ຈ༽ﾉ ,Warren,cwarren39@blogtalkradio.com,Female,57.49.29.208
119,"""'""'""''''""",Ryan,tryan3a@tamu.edu,Male,0.82.87.22
120,␢,Perry,fperry3b@aboutads.info,Female,205.76.75.168
121,(｡◕ ∀ ◕｡),Bailey,jbailey3c@prweb.com,Female,255.109.37.216
122,<svg><script>0<1>alert('XSS')</script>,Ford,dford3d@e-recht24.de,Female,183.73.16.43
123,␣,Johnston,ajohnston3e@imageshack.us,Female,99.134.236.135
124,"""""",Duncan,dduncan3f@bloglines.com,Male,154.15.39.115
125,₀₁₂,King,jking3g@princeton.edu,Male,220.74.78.180
126,`⁄€‹›ﬁﬂ‡°·‚—±,Brown,gbrown3h@cbsnews.com,Female,44.169.139.129
127,',Fowler,cfowler3i@omniture.com,Female,159.63.88.82
128,../../../../../../../../../../../etc/hosts,Miller,jmiller3j@ycombinator.com,Female,147.219.54.205
129,和製漢語,Robertson,jrobertson3k@slideshare.net,Male,58.251.193.25
130,"""",Sullivan,ssullivan3l@furl.net,Male,199.64.175.83
131,הָיְתָהtestالصفحات التّحول,Ellis,hellis3m@un.org,Female,194.212.226.231
132,　,Carpenter,pcarpenter3n@webmd.com,Female,179.54.56.55
133,사회과학원 어학연구소,Garza,dgarza3o@posterous.com,Female,144.131.225.132
134,✋🏿 💪🏿 👐🏿 🙌🏿 👏🏿 🙏🏿,Wells,rwells3p@unicef.org,Male,224.20.160.155
135,␢,Jenkins,ljenkins3q@phpbb.com,Male,154.180.46.58
136,␡,Riley,iriley3r@domainmarket.com,Female,231.140.105.141
137,œ∑´®†¥¨ˆøπ“‘,Freeman,wfreeman3s@shop-pro.jp,Male,14.219.56.75
138,0️⃣ 1️⃣ 2️⃣ 3️⃣ 4️⃣ 5️⃣ 6️⃣ 7️⃣ 8️⃣ 9️⃣ 🔟,Harvey,hharvey3t@themeforest.net,Male,143.106.35.187
139,"'""'",Daniels,hdaniels3u@wiley.com,Female,254.197.254.129
140,¸˛Ç◊ı˜Â¯˘¿,Stone,cstone3v@ucoz.com,Female,168.113.68.130
141,1E02,Kim,dkim3w@ucoz.ru,Male,31.39.26.8
142,null,Davis,gdavis3x@digg.com,Female,0.172.90.207
143,١٢٣,Hawkins,ahawkins3y@usatoday.com,Female,221.234.55.109
144,❤️ 💔 💌 💕 💞 💓 💗 💖 💘 💝 💟 💜 💛 💚 💙,Myers,kmyers3z@theglobeandmail.com,Male,185.54.236.237
145,⁰⁴⁵,Butler,abutler40@blogs.com,Female,8.236.206.80
146,🚾 🆒 🆓 🆕 🆖 🆗 🆙 🏧,Lynch,rlynch41@pagesperso-orange.fr,Female,184.23.151.49
147,ﾟ･✿ヾ╲(｡◕‿◕｡)╱✿･ﾟ,Hunter,jhunter42@telegraph.co.uk,Female,159.229.229.121
148,-1E02,Wells,jwells43@sohu.com,Female,130.222.127.52
149,00˙Ɩ$-,Hamilton,thamilton44@facebook.com,Female,49.15.229.62
150,部落格,Ramirez,kramirez45@foxnews.com,Female,77.79.221.207
151,"""",Moore,cmoore46@twitter.com,Male,1.69.144.204
152,NULL,Bowman,mbowman47@netvibes.com,Male,178.37.251.31
153,ﾟ･✿ヾ╲(｡◕‿◕｡)╱✿･ﾟ,Lewis,klewis48@seesaa.net,Female,92.143.135.207
154,𠜎𠜱𠝹𠱓𠱸𠲖𠳏,Wood,bwood49@themeforest.net,Female,72.248.236.21
155,울란바토르,Hill,shill4a@slideshare.net,Female,106.97.132.196
156,/dev/null; touch /tmp/blns.fail ; echo,Cook,pcook4b@smugmug.com,Male,38.113.111.178
157,‫test‫,Griffin,sgriffin4c@scientificamerican.com,Female,120.164.85.239
158,1E02,Bradley,jbradley4d@scientificamerican.com,Male,165.71.117.116
159,() { _; } >_[$($())] { touch /tmp/blns.shellshock2.fail; },Simpson,esimpson4e@usda.gov,Male,235.102.223.83
160,-1E02,Martinez,amartinez4f@cmu.edu,Male,172.55.237.97
161,١٢٣,Sanders,ssanders4g@symantec.com,Male,181.159.196.81
162,ﾟ･✿ヾ╲(｡◕‿◕｡)╱✿･ﾟ,Hanson,rhanson4h@salon.com,Male,254.13.88.112
163,-$1.00,Armstrong,rarmstrong4i@time.com,Male,156.181.36.205
164,1.00,Martin,wmartin4j@multiply.com,Male,110.141.186.88
165,!@#$%^&*(),Williams,jwilliams4k@intel.com,Male,242.240.75.81
166,Œ„´‰ˇÁ¨ˆØ∏”’,Peterson,jpeterson4l@sakura.ne.jp,Male,218.196.232.147
167,ﾟ･✿ヾ╲(｡◕‿◕｡)╱✿･ﾟ,Garrett,pgarrett4m@soundcloud.com,Female,241.211.83.26
168,Ω≈ç√∫˜µ≤≥÷,Garcia,egarcia4n@toplist.cz,Female,225.3.153.86
169,1;DROP TABLE users,Williams,dwilliams4o@flickr.com,Male,217.222.203.156
170, ,Medina,amedina4p@japanpost.jp,Female,193.184.131.87
171,Ω≈ç√∫˜µ≤≥÷,Walker,swalker4q@spiegel.de,Female,187.66.120.214
172,-1E2,Wilson,awilson4r@admin.ch,Male,177.53.66.10
173,🚾 🆒 🆓 🆕 🆖 🆗 🆙 🏧,Perry,cperry4s@addthis.com,Female,114.151.77.241
174,‪‪test‪,Palmer,lpalmer4t@de.vu,Male,122.223.246.193
175,ÅÍÎÏ˝ÓÔÒÚÆ☃,Young,lyoung4u@tinypic.com,Male,254.13.148.229
176,../../../../../../../../../../../etc/passwd%00,Russell,brussell4v@reference.com,Female,166.152.167.132
177,👩🏽,Moreno,pmoreno4w@prlog.org,Male,215.10.192.145
178,() { 0; }; touch /tmp/blns.shellshock1.fail;,Bailey,abailey4x@clickbank.net,Female,9.176.45.22
179,部落格,Griffin,dgriffin4y@nhs.uk,Male,167.63.34.95
180,() { 0; }; touch /tmp/blns.shellshock1.fail;,Carpenter,lcarpenter4z@netlog.com,Male,96.69.189.15
181,̦H̬̤̗̤͝e͜ ̜̥̝̻͍̟́w̕h̖̯͓o̝͙̖͎̱̮ ҉̺̙̞̟͈W̷̼̭a̺̪͍į͈͕̭͙̯̜t̶̼̮s̘͙͖̕ ̠̫̠B̻͍͙͉̳ͅe̵h̵̬͇̫͙i̹͓̳̳̮͎̫̕n͟d̴̪̜̖ ̰͉̩͇͙̲͞ͅT͖̼͓̪͢h͏͓̮̻e̬̝̟ͅ ̤̹̝W͙̞̝͔͇͝ͅa͏͓͔̹̼̣l̴͔̰̤̟͔ḽ̫.͕,Fernandez,efernandez50@telegraph.co.uk,Male,56.148.71.213
182,😍,Reynolds,nreynolds51@netlog.com,Male,108.186.31.161
183,1E2,Lewis,plewis52@mapquest.com,Male,174.203.105.4
184,₀₁₂,Johnson,ejohnson53@ow.ly,Male,162.9.243.189
185,・(￣∀￣)・:*:,Bryant,wbryant54@admin.ch,Female,125.55.20.69
186,‪‪test‪,Ellis,rellis55@imageshack.us,Female,214.251.137.246
187,',Garcia,agarcia56@answers.com,Female,6.206.32.234
188,../../../../../../../../../../../etc/passwd%00,Ryan,bryan57@feedburner.com,Female,20.30.156.242
189,הָיְתָהtestالصفحات التّحول,Sullivan,msullivan58@comcast.net,Female,154.77.140.160
190,Z̮̞̠͙͔ͅḀ̗̞͈̻̗Ḷ͙͎̯̹̞͓G̻O̭̗̮,Kennedy,akennedy59@youku.com,Female,198.130.104.206
191,../../../../../../../../../../../etc/passwd%00,Gonzales,pgonzales5a@blinklist.com,Male,155.15.73.254
192,울란바토르,Meyer,bmeyer5b@dropbox.com,Male,247.240.174.190
193,-1/2,Graham,jgraham5c@about.com,Male,104.44.142.103
194,👾 🙇 💁 🙅 🙆 🙋 🙎 🙍 ,Lawson,jlawson5d@europa.eu,Male,253.203.182.132
195,1,Jacobs,rjacobs5e@photobucket.com,Male,126.241.228.70
196,NIL,Hawkins,phawkins5f@cyberchimps.com,Female,44.219.84.45
197,Ṱ̺̺̕o͞ ̷i̲̬͇̪͙n̝̗͕v̟̜̘̦͟o̶̙̰̠kè͚̮̺̪̹̱̤ ̖t̝͕̳̣̻̪͞h̼͓̲̦̳̘̲e͇̣̰̦̬͎ ̢̼̻̱̘h͚͎͙̜̣̲ͅi̦̲̣̰̤v̻͍e̺̭̳̪̰-m̢iͅn̖̺̞̲̯̰d̵̼̟͙̩̼̘̳ ̞̥̱̳̭r̛̗̘e͙p͠r̼̞̻̭̗e̺̠̣͟s̘͇̳͍̝͉e͉̥̯̞̲͚̬͜ǹ̬͎͎̟̖͇̤t͍̬̤͓̼̭͘ͅi̪̱n͠g̴͉ ͏͉ͅc̬̟h͡a̫̻̯͘o̫̟̖͍̙̝͉s̗̦̲.̨̹͈̣,Lopez,jlopez5g@umich.edu,Male,22.202.41.199
198,null,Torres,jtorres5h@wired.com,Female,62.168.215.63
199,'',Harrison,jharrison5i@soundcloud.com,Female,122.178.225.242
200,Z̮̞̠͙͔ͅḀ̗̞͈̻̗Ḷ͙͎̯̹̞͓G̻O̭̗̮,Sanchez,asanchez5j@nps.gov,Male,151.35.165.149
201,Ṱ̺̺̕o͞ ̷i̲̬͇̪͙n̝̗͕v̟̜̘̦͟o̶̙̰̠kè͚̮̺̪̹̱̤ ̖t̝͕̳̣̻̪͞h̼͓̲̦̳̘̲e͇̣̰̦̬͎ ̢̼̻̱̘h͚͎͙̜̣̲ͅi̦̲̣̰̤v̻͍e̺̭̳̪̰-m̢iͅn̖̺̞̲̯̰d̵̼̟͙̩̼̘̳ ̞̥̱̳̭r̛̗̘e͙p͠r̼̞̻̭̗e̺̠̣͟s̘͇̳͍̝͉e͉̥̯̞̲͚̬͜ǹ̬͎͎̟̖͇̤t͍̬̤͓̼̭͘ͅi̪̱n͠g̴͉ ͏͉ͅc̬̟h͡a̫̻̯͘o̫̟̖͍̙̝͉s̗̦̲.̨̹͈̣,Mendoza,smendoza5k@huffingtonpost.com,Male,76.138.86.210
202,1E02,Morrison,lmorrison5l@jugem.jp,Male,125.188.191.25
203,␢,Johnson,rjohnson5m@rambler.ru,Male,34.80.218.21
204,0️⃣ 1️⃣ 2️⃣ 3️⃣ 4️⃣ 5️⃣ 6️⃣ 7️⃣ 8️⃣ 9️⃣ 🔟,Gray,pgray5n@globo.com,Male,32.191.194.51
205,(ﾉಥ益ಥ）ﾉ﻿ ┻━┻,Hall,jhall5o@pcworld.com,Female,20.208.227.188
206,᠎,Austin,taustin5p@tmall.com,Female,70.100.188.247
207,👾 🙇 💁 🙅 🙆 🙋 🙎 🙍 ,Harris,rharris5q@ca.gov,Female,148.1.179.224
208,̡͓̞ͅI̗̘̦͝n͇͇͙v̮̫ok̲̫̙͈i̖͙̭̹̠̞n̡̻̮̣̺g̲͈͙̭͙̬͎ ̰t͔̦h̞̲e̢̤ ͍̬̲͖f̴̘͕̣è͖ẹ̥̩l͖͔͚i͓͚̦͠n͖͍̗͓̳̮g͍ ̨o͚̪͡f̘̣̬ ̖̘͖̟͙̮c҉͔̫͖͓͇͖ͅh̵̤̣͚͔á̗̼͕ͅo̼̣̥s̱͈̺̖̦̻͢.̛̖̞̠̫̰,Burton,hburton5r@tumblr.com,Female,129.90.19.243
209,() { 0; }; touch /tmp/blns.shellshock1.fail;,Foster,gfoster5s@nba.com,Female,164.248.199.75
210,1'; DROP TABLE users--,Chapman,lchapman5t@amazon.de,Female,156.248.131.151
211,-1E2,Davis,ddavis5u@ehow.com,Female,65.139.240.233
212,｀ｨ(´∀｀∩,Frazier,rfrazier5v@answers.com,Female,197.180.1.55
213,NIL,Nelson,enelson5w@amazon.de,Male,107.165.25.103
214,😍,Hunt,phunt5x@wordpress.com,Male,198.101.121.251
215,<script>alert('hi')</script>,Peterson,cpeterson5y@xrea.com,Male,81.34.69.32
216,₀₁₂,Dunn,kdunn5z@networksolutions.com,Male,50.38.31.227
217,Œ„´‰ˇÁ¨ˆØ∏”’,Barnes,abarnes60@google.co.uk,Male,245.33.253.6
218,-1,Jones,hjones61@list-manage.com,Male,89.32.33.35
219,0.00,Elliott,aelliott62@go.com,Female,119.253.213.123
220,　,Nguyen,anguyen63@loc.gov,Female,215.221.142.128
221,"""""",Torres,btorres64@seattletimes.com,Female,20.82.211.254
222,() { _; } >_[$($())] { touch /tmp/blns.shellshock2.fail; },Harper,hharper65@dedecms.com,Male,214.185.79.136
223,⁰⁴⁵,Chavez,bchavez66@flavors.me,Male,150.53.84.182
224,🚾 🆒 🆓 🆕 🆖 🆗 🆙 🏧,Fernandez,jfernandez67@hao123.com,Female,125.108.100.43
225,﻿,Wheeler,awheeler68@wp.com,Female,104.87.15.199
226,👾 🙇 💁 🙅 🙆 🙋 🙎 🙍 ,Burton,mburton69@elpais.com,Male,182.252.91.26
227,/dev/null; touch /tmp/blns.fail ; echo,Peters,tpeters6a@dagondesign.com,Male,60.32.33.153
228,𠜎𠜱𠝹𠱓𠱸𠲖𠳏,Berry,pberry6b@amazon.de,Male,202.120.247.67
229,$1.00,Harvey,dharvey6c@vkontakte.ru,Male,20.222.72.171
230,1E2,Edwards,jedwards6d@google.pl,Male,33.113.249.109
231, ,Jenkins,jjenkins6e@wired.com,Male,29.141.133.115
232,test⁠test‫,Harris,fharris6f@slideshare.net,Female,20.233.116.137
233,¡™£¢∞§¶•ªº–≠,Dunn,rdunn6g@dion.ne.jp,Male,196.178.23.254
234,１２３,Warren,jwarren6h@webs.com,Female,47.171.7.155
235,ÅÍÎÏ˝ÓÔÒÚÆ☃,Wright,jwright6i@npr.org,Male,250.137.64.251
236,,George,dgeorge6j@altervista.org,Male,33.211.230.157
237,-$1.00,Andrews,kandrews6k@moonfruit.com,Male,86.199.226.53
238,❤️ 💔 💌 💕 💞 💓 💗 💖 💘 💝 💟 💜 💛 💚 💙,Woods,kwoods6l@surveymonkey.com,Male,7.172.78.62
239,1'; DROP TABLE users--,Perry,aperry6m@canalblog.com,Male,76.90.100.92
240, test ,Dean,rdean6n@nifty.com,Female,204.74.61.121
241,() { _; } >_[$($())] { touch /tmp/blns.shellshock2.fail; },Morales,amorales6o@blogs.com,Male,89.44.39.169
242,␣,Peters,mpeters6p@squarespace.com,Female,223.221.62.136
243,(╯°□°）╯︵ ┻━┻)  ,Gonzalez,jgonzalez6q@reference.com,Male,15.81.169.153
244,ﾟ･✿ヾ╲(｡◕‿◕｡)╱✿･ﾟ,Evans,pevans6r@wikia.com,Female,225.118.56.163
245,NIL,Greene,pgreene6s@latimes.com,Male,105.249.85.107
246,,Gardner,rgardner6t@umich.edu,Male,25.240.51.203
247,test⁠test‫,Myers,kmyers6u@dagondesign.com,Male,29.57.153.28
248,",./;'[]\-=",Murray,smurray6v@sina.com.cn,Male,39.124.66.181
249,1E02,Washington,twashington6w@freewebs.com,Female,128.84.226.15
250,"בְּרֵאשִׁית, בָּרָא אֱלֹהִים, אֵת הַשָּׁמַיִם, וְאֵת הָאָרֶץ",Lynch,blynch6x@plala.or.jp,Male,26.25.138.230
251,(｡◕ ∀ ◕｡),Wood,ewood6y@privacy.gov.au,Male,200.128.161.84
252,"""""",King,sking6z@multiply.com,Male,65.39.140.193
253,１２３,Berry,cberry70@epa.gov,Male,60.88.49.197
254,00˙Ɩ$-,Romero,sromero71@cisco.com,Male,80.1.32.117
255, ,Ryan,aryan72@yale.edu,Male,229.114.247.166
256,,Roberts,croberts73@washingtonpost.com,Male,219.19.250.37
257,null,Dixon,adixon74@reuters.com,Female,156.18.12.48
258,사회과학원 어학연구소,White,rwhite75@imageshack.us,Female,29.125.233.100
259,<img src=x onerror=alert('hi') />,Cooper,mcooper76@51.la,Female,29.20.62.243
260,𠜎𠜱𠝹𠱓𠱸𠲖𠳏,White,swhite77@ovh.net,Male,60.152.220.107
261,1/0,Berry,kberry78@disqus.com,Female,182.123.94.52
262,999999999999999999999999999999999999999999999999999999999999999999999999999999999999999999999999,Peterson,jpeterson79@narod.ru,Male,112.60.81.183
263,1/2,Ferguson,sferguson7a@posterous.com,Male,168.163.85.51
264,👩🏽,Ryan,pryan7b@nymag.com,Male,40.48.238.222
265,和製漢語,Montgomery,smontgomery7c@usa.gov,Male,125.188.53.138
266,-1/2,Hall,shall7d@gov.uk,Male,17.81.207.85
267,✋🏿 💪🏿 👐🏿 🙌🏿 👏🏿 🙏🏿,Hudson,dhudson7e@google.pl,Male,42.24.150.231
268,1E2,Wood,mwood7f@forbes.com,Male,228.218.115.25
269,✋🏿 💪🏿 👐🏿 🙌🏿 👏🏿 🙏🏿,Lee,alee7g@businessinsider.com,Female,110.79.58.11
270,(｡◕ ∀ ◕｡),Simpson,asimpson7h@rediff.com,Female,170.132.157.235
271,"""'""'""''''""",Perkins,aperkins7i@list-manage.com,Male,7.107.214.214
272,0️⃣ 1️⃣ 2️⃣ 3️⃣ 4️⃣ 5️⃣ 6️⃣ 7️⃣ 8️⃣ 9️⃣ 🔟,Arnold,larnold7j@cafepress.com,Female,186.30.112.82
273,❤️ 💔 💌 💕 💞 💓 💗 💖 💘 💝 💟 💜 💛 💚 💙,Bradley,jbradley7k@wp.com,Male,167.239.86.176
274,(ﾉಥ益ಥ）ﾉ﻿ ┻━┻,Austin,aaustin7l@ezinearticles.com,Female,234.39.113.96
275,"<>?:""{}|_+",Wallace,ewallace7m@bloglovin.com,Male,121.96.28.56
276,Ω≈ç√∫˜µ≤≥÷,Mendoza,mmendoza7n@ucoz.com,Male,215.149.236.106
277,사회과학원 어학연구소,Stone,tstone7o@mozilla.com,Male,233.228.218.33
278,-1E2,Alvarez,ralvarez7p@xinhuanet.com,Female,42.15.19.150
279,",./;'[]\-=",Gilbert,rgilbert7q@wikispaces.com,Male,227.93.16.79
280,部落格,Taylor,jtaylor7r@cdc.gov,Female,226.2.4.167
281,!@#$%^&*(),Wells,bwells7s@4shared.com,Female,246.131.203.168
282, test ,Bryant,kbryant7t@usatoday.com,Male,53.61.215.208
283,和製漢語,Richards,nrichards7u@unicef.org,Male,42.108.58.177
284,｀ｨ(´∀｀∩,Kennedy,rkennedy7v@indiegogo.com,Male,224.234.209.160
285,"""",Ross,eross7w@altervista.org,Female,253.248.178.50
286,-$1.00,Nichols,nnichols7x@uiuc.edu,Female,186.244.83.9
287,🚾 🆒 🆓 🆕 🆖 🆗 🆙 🏧,Dean,pdean7y@mysql.com,Female,6.136.186.67
288,"""''''""'""",Murphy,pmurphy7z@nytimes.com,Male,160.143.134.12
289,1;DROP TABLE users,Armstrong,rarmstrong80@example.com,Male,95.245.205.57
290,null,Fisher,jfisher81@marketwatch.com,Male,98.40.115.27
291,｀ｨ(´∀｀∩,Wheeler,awheeler82@mtv.com,Male,163.66.220.198
292,¸˛Ç◊ı˜Â¯˘¿,Johnson,mjohnson83@amazon.de,Male,156.5.182.151
293,(ﾉಥ益ಥ）ﾉ﻿ ┻━┻,Payne,tpayne84@oaic.gov.au,Female,201.48.41.26
294,../../../../../../../../../../../etc/passwd%00,Johnson,jjohnson85@youku.com,Male,39.18.242.62
295,',Garza,jgarza86@godaddy.com,Male,152.239.108.140
296,(╯°□°）╯︵ ┻━┻)  ,Perry,fperry87@yahoo.co.jp,Female,31.46.203.44
297,() { _; } >_[$($())] { touch /tmp/blns.shellshock2.fail; },Jackson,ajackson88@apache.org,Female,38.133.48.218
298,1E2,Fuller,jfuller89@nationalgeographic.com,Female,222.170.158.72
299,-1,James,ejames8a@wikia.com,Female,211.45.51.145
300,¡™£¢∞§¶•ªº–≠,Young,jyoung8b@rakuten.co.jp,Male,207.202.243.29
301, ,Perry,lperry8c@scientificamerican.com,Female,42.34.9.92
302,1;DROP TABLE users,Collins,hcollins8d@discovery.com,Male,210.111.189.174
303,999999999999999999999999999999999999999999999999999999999999999999999999999999999999999999999999,James,tjames8e@google.ru,Male,42.31.30.23
304,ÅÍÎÏ˝ÓÔÒÚÆ☃,Barnes,abarnes8f@yahoo.co.jp,Female,175.9.222.82
305,1,Ramos,nramos8g@quantcast.com,Female,1.25.38.181
306,1.00,Johnston,rjohnston8h@linkedin.com,Male,47.223.193.13
307,<script>alert('hi')</script>,Davis,ldavis8i@yandex.ru,Male,34.3.93.102
308,1.00,Gilbert,jgilbert8j@phoca.cz,Female,90.251.136.142
309,​,Payne,mpayne8k@fastcompany.com,Female,125.49.23.138
310,̦H̬̤̗̤͝e͜ ̜̥̝̻͍̟́w̕h̖̯͓o̝͙̖͎̱̮ ҉̺̙̞̟͈W̷̼̭a̺̪͍į͈͕̭͙̯̜t̶̼̮s̘͙͖̕ ̠̫̠B̻͍͙͉̳ͅe̵h̵̬͇̫͙i̹͓̳̳̮͎̫̕n͟d̴̪̜̖ ̰͉̩͇͙̲͞ͅT͖̼͓̪͢h͏͓̮̻e̬̝̟ͅ ̤̹̝W͙̞̝͔͇͝ͅa͏͓͔̹̼̣l̴͔̰̤̟͔ḽ̫.͕,Simpson,jsimpson8l@dedecms.com,Male,225.15.93.206
311,",./;'[]\-=",Baker,sbaker8m@constantcontact.com,Male,243.119.84.241
312,"""",Thompson,athompson8n@t-online.de,Female,97.196.169.183
313,-1.00,Diaz,ediaz8o@auda.org.au,Female,237.145.82.122
314,¡™£¢∞§¶•ªº–≠,Gomez,jgomez8p@bravesites.com,Male,113.96.48.116
315,₀₁₂,Garza,tgarza8q@about.me,Female,32.89.219.195
316,₀₁₂,Alvarez,kalvarez8r@51.la,Female,157.218.57.111
317,　,Castillo,mcastillo8s@adobe.com,Male,23.40.210.247
318,-1E2,Woods,hwoods8t@google.fr,Male,147.188.110.191
319,,Webb,jwebb8u@tripod.com,Male,48.237.16.137
320,¸˛Ç◊ı˜Â¯˘¿,Carter,tcarter8v@usnews.com,Female,96.2.182.92
321,울란바토르,Allen,jallen8w@tmall.com,Female,103.94.230.84
322,"""""",George,mgeorge8x@tumblr.com,Male,21.110.5.3
323,␡,Long,elong8y@washingtonpost.com,Female,59.189.107.124
324,¡™£¢∞§¶•ªº–≠,Olson,solson8z@ihg.com,Male,178.99.97.128
325,"""",Moore,dmoore90@psu.edu,Female,91.233.141.197
326,̡͓̞ͅI̗̘̦͝n͇͇͙v̮̫ok̲̫̙͈i̖͙̭̹̠̞n̡̻̮̣̺g̲͈͙̭͙̬͎ ̰t͔̦h̞̲e̢̤ ͍̬̲͖f̴̘͕̣è͖ẹ̥̩l͖͔͚i͓͚̦͠n͖͍̗͓̳̮g͍ ̨o͚̪͡f̘̣̬ ̖̘͖̟͙̮c҉͔̫͖͓͇͖ͅh̵̤̣͚͔á̗̼͕ͅo̼̣̥s̱͈̺̖̦̻͢.̛̖̞̠̫̰,Riley,rriley91@upenn.edu,Male,109.57.24.187
327,() { _; } >_[$($())] { touch /tmp/blns.shellshock2.fail; },Marshall,emarshall92@dmoz.org,Female,137.211.66.136
328,ヽ༼ຈل͜ຈ༽ﾉ ヽ༼ຈل͜ຈ༽ﾉ ,Fowler,tfowler93@smugmug.com,Male,47.249.96.201
329,(ﾉಥ益ಥ）ﾉ﻿ ┻━┻,Hughes,dhughes94@is.gd,Male,132.97.215.140
330,𠜎𠜱𠝹𠱓𠱸𠲖𠳏,Banks,cbanks95@yellowbook.com,Male,200.242.103.205
331,✋🏿 💪🏿 👐🏿 🙌🏿 👏🏿 🙏🏿,Nguyen,anguyen96@scribd.com,Female,8.91.20.249
332,👾 🙇 💁 🙅 🙆 🙋 🙎 🙍 ,Gray,rgray97@wp.com,Female,197.255.190.237
333,₀₁₂,Spencer,kspencer98@ucla.edu,Female,114.160.98.43
334,・(￣∀￣)・:*:,Wallace,cwallace99@studiopress.com,Male,165.82.99.100
335,✋🏿 💪🏿 👐🏿 🙌🏿 👏🏿 🙏🏿,Mcdonald,amcdonald9a@ftc.gov,Male,186.189.123.161
336,0.00,Patterson,mpatterson9b@admin.ch,Male,19.17.110.109
337,᠎,Rivera,rrivera9c@csmonitor.com,Female,40.44.132.86
338,-1.00,Washington,mwashington9d@eventbrite.com,Female,39.159.188.83
339,"""''''""'""",Long,jlong9e@cmu.edu,Female,239.26.10.128
340,nil,Turner,pturner9f@mozilla.org,Male,136.205.68.89
341,(｡◕ ∀ ◕｡),Meyer,kmeyer9g@wisc.edu,Female,39.75.43.212
342,test⁠test‫,Ortiz,jortiz9h@mapy.cz,Female,49.147.223.203
343,(ﾉಥ益ಥ）ﾉ﻿ ┻━┻,Carr,bcarr9i@gnu.org,Male,97.172.31.32
344,₀₁₂,Riley,hriley9j@pcworld.com,Male,136.30.11.175
345,<svg><script>0<1>alert('XSS')</script>,Daniels,adaniels9k@shinystat.com,Male,219.119.213.49
346,0️⃣ 1️⃣ 2️⃣ 3️⃣ 4️⃣ 5️⃣ 6️⃣ 7️⃣ 8️⃣ 9️⃣ 🔟,Thompson,pthompson9l@bigcartel.com,Female,66.117.171.44
347,사회과학원 어학연구소,Sanders,psanders9m@omniture.com,Female,246.110.102.57
348,社會科學院語學研究所,Wood,lwood9n@phpbb.com,Female,80.242.202.73
349,0️⃣ 1️⃣ 2️⃣ 3️⃣ 4️⃣ 5️⃣ 6️⃣ 7️⃣ 8️⃣ 9️⃣ 🔟,Reid,rreid9o@latimes.com,Female,218.48.150.11
350,1/2,Fisher,jfisher9p@t-online.de,Female,2.226.9.174
351,../../../../../../../../../../../etc/hosts,Dixon,sdixon9q@stumbleupon.com,Male,55.10.76.7
352,⁦test⁧,Walker,jwalker9r@virginia.edu,Female,84.0.245.159
353,1'; DROP TABLE users--,Graham,kgraham9s@vk.com,Male,116.90.157.108
354,¸˛Ç◊ı˜Â¯˘¿,Nguyen,pnguyen9t@sourceforge.net,Female,99.237.90.185
355,"<>?:""{}|_+",Dixon,sdixon9u@bizjournals.com,Male,129.92.116.38
356,<svg><script>0<1>alert('XSS')</script>,Perry,nperry9v@howstuffworks.com,Female,18.129.63.0
357,1.00,Henderson,rhenderson9w@nyu.edu,Male,145.47.137.223
358,NIL,Flores,jflores9x@craigslist.org,Male,68.243.45.8
359,田中さんにあげて下さい,Rice,wrice9y@mozilla.org,Female,13.87.187.226
360,test⁠test‫,Reyes,hreyes9z@baidu.com,Male,235.29.232.146
361,test⁠test‫,Nichols,knicholsa0@xinhuanet.com,Female,198.211.96.244
362,/dev/null; touch /tmp/blns.fail ; echo,Reyes,jreyesa1@flavors.me,Female,217.165.115.90
363,１２３,Bell,dbella2@tripod.com,Male,66.156.163.249
364,-1,Greene,agreenea3@mapquest.com,Female,180.137.93.227
365,<script>alert('hi')</script>,Hunt,jhunta4@multiply.com,Female,89.236.188.224
366,1'; DROP TABLE users--,Moore,emoorea5@altervista.org,Female,0.228.208.251
367,1;DROP TABLE users,Cooper,scoopera6@answers.com,Female,21.42.140.193
368,社會科學院語學研究所,Wells,pwellsa7@gravatar.com,Female,137.74.75.112
369,␣,Simpson,asimpsona8@rediff.com,Male,175.60.63.147
370,울란바토르,Cruz,scruza9@smugmug.com,Female,127.224.240.45
371,₀₁₂,Simmons,rsimmonsaa@behance.net,Male,61.193.223.56
372,␢,Sullivan,psullivanab@ow.ly,Female,149.111.15.122
373,1E02,Gomez,lgomezac@mail.ru,Male,77.130.184.230
374,ﾟ･✿ヾ╲(｡◕‿◕｡)╱✿･ﾟ,Fox,jfoxad@microsoft.com,Female,20.104.232.104
375,"__ﾛ(,_,*)",Walker,rwalkerae@seesaa.net,Male,207.235.159.20
376,₀₁₂,Welch,hwelchaf@buzzfeed.com,Male,112.123.212.193
377,1/0,Lee,aleeag@admin.ch,Male,119.99.103.156
378,(╯°□°）╯︵ ┻━┻)  ,Cunningham,kcunninghamah@mtv.com,Male,96.163.2.79
379,"""",Carpenter,bcarpenterai@google.com.au,Male,2.197.44.216
380,᠎,Alexander,aalexanderaj@com.com,Male,11.94.92.226
381,1,Cox,acoxak@slate.com,Male,247.148.172.203
382,nil,Gordon,bgordonal@yahoo.co.jp,Female,217.224.216.197
383,<script>alert('hi')</script>,Sullivan,esullivanam@engadget.com,Female,215.219.241.117
384,"'""'",Riley,arileyan@purevolume.com,Male,186.193.162.126
385, test ,Mitchell,mmitchellao@networkadvertising.org,Male,220.253.224.106
386,../../../../../../../../../../../etc/passwd%00,Brooks,sbrooksap@gov.uk,Male,123.222.239.25
387,-1E+02,Bradley,dbradleyaq@nih.gov,Female,173.13.160.144
388,œ∑´®†¥¨ˆøπ“‘,Murray,tmurrayar@youku.com,Male,114.182.148.223
389,👩🏽,Kelly,nkellyas@mayoclinic.com,Female,221.24.127.209
390,"ثم نفس سقطت وبالتحديد،, جزيرتي باستخدام أن دنو. إذ هنا؟ الستار وتنصيب كان. أهّل ايطاليا، بريطانيا-فرنسا قد أخذ. سليمان، إتفاقية بين ما, يذكر الحدود أي بعد, معاملة بولندا، الإطلاق عل إيو.",Robinson,srobinsonat@acquirethisname.com,Male,196.246.131.15
391,　,Bowman,abowmanau@yolasite.com,Female,51.175.40.119
392,() { _; } >_[$($())] { touch /tmp/blns.shellshock2.fail; },Lane,nlaneav@qq.com,Male,178.208.122.103
393,﻿,Ferguson,gfergusonaw@discovery.com,Female,80.78.150.159
394,-1/2,Armstrong,karmstrongax@buzzfeed.com,Male,18.17.2.160
395,・(￣∀￣)・:*:,James,ajamesay@pcworld.com,Male,74.119.234.42
396,"ثم نفس سقطت وبالتحديد،, جزيرتي باستخدام أن دنو. إذ هنا؟ الستار وتنصيب كان. أهّل ايطاليا، بريطانيا-فرنسا قد أخذ. سليمان، إتفاقية بين ما, يذكر الحدود أي بعد, معاملة بولندا، الإطلاق عل إيو.",Crawford,wcrawfordaz@squidoo.com,Female,83.254.208.195
397,-1.00,Lane,jlaneb0@sogou.com,Male,218.55.56.86
398,"""""",Henderson,jhendersonb1@icq.com,Male,223.188.216.98
399,-1/2,Berry,jberryb2@weather.com,Female,119.121.14.70
400,␣,Mendoza,vmendozab3@furl.net,Male,237.214.68.52
401,-1E02,Mason,jmasonb4@yellowbook.com,Male,94.221.185.32
402,"""''''""'""",Spencer,mspencerb5@t-online.de,Female,142.183.128.223
403,̡͓̞ͅI̗̘̦͝n͇͇͙v̮̫ok̲̫̙͈i̖͙̭̹̠̞n̡̻̮̣̺g̲͈͙̭͙̬͎ ̰t͔̦h̞̲e̢̤ ͍̬̲͖f̴̘͕̣è͖ẹ̥̩l͖͔͚i͓͚̦͠n͖͍̗͓̳̮g͍ ̨o͚̪͡f̘̣̬ ̖̘͖̟͙̮c҉͔̫͖͓͇͖ͅh̵̤̣͚͔á̗̼͕ͅo̼̣̥s̱͈̺̖̦̻͢.̛̖̞̠̫̰,Gomez,jgomezb6@spiegel.de,Male,128.143.205.165
404,"'""'",Wallace,lwallaceb7@artisteer.com,Male,38.135.84.42
405,"'""'",Lynch,alynchb8@ted.com,Male,217.115.241.19
406,١٢٣,Woods,wwoodsb9@usa.gov,Female,61.108.86.110
407,-1,Foster,dfosterba@elegantthemes.com,Male,117.4.2.110
408,1.00,Nelson,gnelsonbb@washington.edu,Male,27.196.252.103
409,(╯°□°）╯︵ ┻━┻)  ,Russell,lrussellbc@irs.gov,Female,40.124.202.243
410,null,Austin,eaustinbd@com.com,Female,236.195.86.17
411,ÅÍÎÏ˝ÓÔÒÚÆ☃,Taylor,rtaylorbe@un.org,Male,84.35.57.73
412,⁦test⁧,Jacobs,ejacobsbf@ask.com,Female,117.232.231.61
413,0️⃣ 1️⃣ 2️⃣ 3️⃣ 4️⃣ 5️⃣ 6️⃣ 7️⃣ 8️⃣ 9️⃣ 🔟,Jordan,njordanbg@indiegogo.com,Female,171.44.235.136
414,𠜎𠜱𠝹𠱓𠱸𠲖𠳏,Stanley,hstanleybh@berkeley.edu,Male,115.156.47.214
415,../../../../../../../../../../../etc/passwd%00,Gonzalez,hgonzalezbi@imdb.com,Female,38.216.186.220
416,00˙Ɩ$-,Freeman,dfreemanbj@gov.uk,Female,91.58.191.212
417,nil,Patterson,ppattersonbk@tmall.com,Female,170.76.111.114
418,0/0,Owens,dowensbl@elpais.com,Male,191.192.158.96
419,(｡◕ ∀ ◕｡),Payne,ipaynebm@hexun.com,Male,36.13.105.86
420,𠜎𠜱𠝹𠱓𠱸𠲖𠳏,Mcdonald,mmcdonaldbn@multiply.com,Male,149.203.1.69
421,👩🏽,Howard,chowardbo@mashable.com,Male,193.92.52.52
422,(｡◕ ∀ ◕｡),Davis,edavisbp@dmoz.org,Male,137.107.223.164
423,1E2,Sullivan,psullivanbq@digg.com,Male,151.27.205.80
424,ヽ༼ຈل͜ຈ༽ﾉ ヽ༼ຈل͜ຈ༽ﾉ ,Weaver,bweaverbr@opensource.org,Male,163.9.30.193
425,/dev/null; touch /tmp/blns.fail ; echo,Moreno,kmorenobs@behance.net,Male,13.94.185.187
426,null,Jones,pjonesbt@hp.com,Male,71.173.13.62
427,",。・:*:・゜’( ☻ ω ☻ )。・:*:・゜’",Reyes,mreyesbu@friendfeed.com,Female,2.102.239.84
428,0/0,Ford,jfordbv@mit.edu,Male,238.74.210.8
429,␣,Daniels,jdanielsbw@squidoo.com,Male,102.231.50.156
430,-1E+02,Hunt,ehuntbx@sohu.com,Male,5.155.130.75
431,❤️ 💔 💌 💕 💞 💓 💗 💖 💘 💝 💟 💜 💛 💚 💙,Elliott,kelliottby@addtoany.com,Male,212.193.3.27
432,1;DROP TABLE users,Woods,pwoodsbz@elegantthemes.com,Male,175.218.171.29
433,nil,Allen,dallenc0@berkeley.edu,Female,110.50.22.27
434,-1,Wagner,jwagnerc1@scientificamerican.com,Female,22.13.162.123
435,-1.00,Hunt,hhuntc2@noaa.gov,Female,191.134.255.241
436,œ∑´®†¥¨ˆøπ“‘,Brooks,rbrooksc3@newyorker.com,Female,70.178.124.94
437,Ṱ̺̺̕o͞ ̷i̲̬͇̪͙n̝̗͕v̟̜̘̦͟o̶̙̰̠kè͚̮̺̪̹̱̤ ̖t̝͕̳̣̻̪͞h̼͓̲̦̳̘̲e͇̣̰̦̬͎ ̢̼̻̱̘h͚͎͙̜̣̲ͅi̦̲̣̰̤v̻͍e̺̭̳̪̰-m̢iͅn̖̺̞̲̯̰d̵̼̟͙̩̼̘̳ ̞̥̱̳̭r̛̗̘e͙p͠r̼̞̻̭̗e̺̠̣͟s̘͇̳͍̝͉e͉̥̯̞̲͚̬͜ǹ̬͎͎̟̖͇̤t͍̬̤͓̼̭͘ͅi̪̱n͠g̴͉ ͏͉ͅc̬̟h͡a̫̻̯͘o̫̟̖͍̙̝͉s̗̦̲.̨̹͈̣,Cruz,rcruzc4@godaddy.com,Female,191.86.158.73
438,<script>alert('hi')</script>,Elliott,kelliottc5@youtu.be,Male,206.150.143.88
439,../../../../../../../../../../../etc/passwd%00,White,vwhitec6@weebly.com,Male,137.184.234.15
440,1E2,Thompson,jthompsonc7@cisco.com,Female,53.189.255.226
441,",。・:*:・゜’( ☻ ω ☻ )。・:*:・゜’",Chavez,jchavezc8@ehow.com,Male,240.96.99.35
442,1'; DROP TABLE users--,Nguyen,rnguyenc9@amazon.de,Female,152.144.84.90
443,Ṱ̺̺̕o͞ ̷i̲̬͇̪͙n̝̗͕v̟̜̘̦͟o̶̙̰̠kè͚̮̺̪̹̱̤ ̖t̝͕̳̣̻̪͞h̼͓̲̦̳̘̲e͇̣̰̦̬͎ ̢̼̻̱̘h͚͎͙̜̣̲ͅi̦̲̣̰̤v̻͍e̺̭̳̪̰-m̢iͅn̖̺̞̲̯̰d̵̼̟͙̩̼̘̳ ̞̥̱̳̭r̛̗̘e͙p͠r̼̞̻̭̗e̺̠̣͟s̘͇̳͍̝͉e͉̥̯̞̲͚̬͜ǹ̬͎͎̟̖͇̤t͍̬̤͓̼̭͘ͅi̪̱n͠g̴͉ ͏͉ͅc̬̟h͡a̫̻̯͘o̫̟̖͍̙̝͉s̗̦̲.̨̹͈̣,Garrett,rgarrettca@hp.com,Male,103.58.25.19
444,⁦test⁧,Washington,dwashingtoncb@hp.com,Male,190.66.193.40
445,1;DROP TABLE users,Carpenter,lcarpentercc@amazonaws.com,Male,101.169.76.183
446,../../../../../../../../../../../etc/hosts,Phillips,pphillipscd@marketwatch.com,Female,155.243.145.93
447,"""'""'""''''""",Banks,cbanksce@usgs.gov,Male,83.165.21.130
448,𠜎𠜱𠝹𠱓𠱸𠲖𠳏,Henry,dhenrycf@google.pl,Female,124.132.30.76
449,-1E02,Phillips,aphillipscg@sfgate.com,Male,144.91.95.36
450,¸˛Ç◊ı˜Â¯˘¿,Fuller,tfullerch@dion.ne.jp,Female,147.255.81.210
451,nil,Armstrong,sarmstrongci@biglobe.ne.jp,Female,1.109.144.118
452,-1.00,Lee,fleecj@bing.com,Female,96.121.226.211
453,הָיְתָהtestالصفحات التّحول,Armstrong,aarmstrongck@vimeo.com,Male,149.96.41.77
454,",。・:*:・゜’( ☻ ω ☻ )。・:*:・゜’",Flores,hflorescl@constantcontact.com,Male,22.202.145.224
455,　,West,rwestcm@paginegialle.it,Female,197.112.46.146
456,1,Crawford,mcrawfordcn@oaic.gov.au,Female,194.97.141.248
457,",。・:*:・゜’( ☻ ω ☻ )。・:*:・゜’",Mendoza,kmendozaco@gravatar.com,Male,164.85.12.165
458,｀ｨ(´∀｀∩,Boyd,jboydcp@hhs.gov,Male,229.107.138.191
459,​,Meyer,ameyercq@meetup.com,Male,82.135.98.128
460,᠎,Freeman,mfreemancr@nih.gov,Male,130.151.115.16
461,../../../../../../../../../../../etc/hosts,Sullivan,jsullivancs@ucoz.ru,Female,103.56.172.127
462,"""''''""'""",Ross,hrossct@unicef.org,Female,239.255.115.210
463,"""""",Wright,hwrightcu@dell.com,Male,25.161.109.206
464,␡,Lopez,slopezcv@xinhuanet.com,Female,229.129.92.100
465,사회과학원 어학연구소,Gardner,lgardnercw@about.com,Male,61.40.27.190
466,ÅÍÎÏ˝ÓÔÒÚÆ☃,Wheeler,twheelercx@t.co,Male,196.212.196.147
467,1E+02,Bryant,jbryantcy@miitbeian.gov.cn,Female,137.51.62.91
468,œ∑´®†¥¨ˆøπ“‘,Spencer,dspencercz@wix.com,Male,228.120.250.10
469,👾 🙇 💁 🙅 🙆 🙋 🙎 🙍 ,Vasquez,nvasquezd0@wufoo.com,Female,8.124.36.98
470,᠎,Watkins,lwatkinsd1@sitemeter.com,Male,71.214.18.58
471,"""'""'""''''""",Coleman,rcolemand2@networkadvertising.org,Male,210.113.190.75
472,(｡◕ ∀ ◕｡),Hayes,nhayesd3@senate.gov,Female,45.172.104.141
473,/dev/null; touch /tmp/blns.fail ; echo,Lawson,tlawsond4@edublogs.org,Male,23.209.41.230
474,Ṱ̺̺̕o͞ ̷i̲̬͇̪͙n̝̗͕v̟̜̘̦͟o̶̙̰̠kè͚̮̺̪̹̱̤ ̖t̝͕̳̣̻̪͞h̼͓̲̦̳̘̲e͇̣̰̦̬͎ ̢̼̻̱̘h͚͎͙̜̣̲ͅi̦̲̣̰̤v̻͍e̺̭̳̪̰-m̢iͅn̖̺̞̲̯̰d̵̼̟͙̩̼̘̳ ̞̥̱̳̭r̛̗̘e͙p͠r̼̞̻̭̗e̺̠̣͟s̘͇̳͍̝͉e͉̥̯̞̲͚̬͜ǹ̬͎͎̟̖͇̤t͍̬̤͓̼̭͘ͅi̪̱n͠g̴͉ ͏͉ͅc̬̟h͡a̫̻̯͘o̫̟̖͍̙̝͉s̗̦̲.̨̹͈̣,Oliver,joliverd5@scribd.com,Female,252.181.115.152
475,1/0,Gibson,jgibsond6@weibo.com,Male,212.2.172.95
476,../../../../../../../../../../../etc/passwd%00,Stone,jstoned7@netlog.com,Female,121.118.146.59
477,1/0,Romero,sromerod8@fema.gov,Female,28.34.126.76
478,𠜎𠜱𠝹𠱓𠱸𠲖𠳏,Turner,fturnerd9@psu.edu,Male,246.96.99.42
479,Ṱ̺̺̕o͞ ̷i̲̬͇̪͙n̝̗͕v̟̜̘̦͟o̶̙̰̠kè͚̮̺̪̹̱̤ ̖t̝͕̳̣̻̪͞h̼͓̲̦̳̘̲e͇̣̰̦̬͎ ̢̼̻̱̘h͚͎͙̜̣̲ͅi̦̲̣̰̤v̻͍e̺̭̳̪̰-m̢iͅn̖̺̞̲̯̰d̵̼̟͙̩̼̘̳ ̞̥̱̳̭r̛̗̘e͙p͠r̼̞̻̭̗e̺̠̣͟s̘͇̳͍̝͉e͉̥̯̞̲͚̬͜ǹ̬͎͎̟̖͇̤t͍̬̤͓̼̭͘ͅi̪̱n͠g̴͉ ͏͉ͅc̬̟h͡a̫̻̯͘o̫̟̖͍̙̝͉s̗̦̲.̨̹͈̣,Bryant,rbryantda@java.com,Female,202.192.145.86
480,̡͓̞ͅI̗̘̦͝n͇͇͙v̮̫ok̲̫̙͈i̖͙̭̹̠̞n̡̻̮̣̺g̲͈͙̭͙̬͎ ̰t͔̦h̞̲e̢̤ ͍̬̲͖f̴̘͕̣è͖ẹ̥̩l͖͔͚i͓͚̦͠n͖͍̗͓̳̮g͍ ̨o͚̪͡f̘̣̬ ̖̘͖̟͙̮c҉͔̫͖͓͇͖ͅh̵̤̣͚͔á̗̼͕ͅo̼̣̥s̱͈̺̖̦̻͢.̛̖̞̠̫̰,Moore,mmooredb@oaic.gov.au,Female,235.121.127.164
481,NULL,Black,lblackdc@nifty.com,Male,255.111.169.100
482,사회과학원 어학연구소,Davis,ldavisdd@technorati.com,Female,150.63.134.124
483,/dev/null; touch /tmp/blns.fail ; echo,Gilbert,kgilbertde@ebay.com,Male,45.5.127.135
484,₀₁₂,Jones,mjonesdf@utexas.edu,Male,37.236.6.42
485,ヽ༼ຈل͜ຈ༽ﾉ ヽ༼ຈل͜ຈ༽ﾉ ,Hunter,whunterdg@digg.com,Male,91.191.162.194
486,1E02,Little,nlittledh@networksolutions.com,Male,179.93.69.94
487,1/0,Murphy,jmurphydi@etsy.com,Female,60.128.142.228
488,0/0,Oliver,eoliverdj@wordpress.com,Male,62.75.147.188
489,¸˛Ç◊ı˜Â¯˘¿,Ruiz,sruizdk@sfgate.com,Male,232.208.7.149
490,"<>?:""{}|_+",Ryan,dryandl@flavors.me,Female,204.3.42.204
491,(｡◕ ∀ ◕｡),Willis,awillisdm@i2i.jp,Female,49.147.136.73
492,"__ﾛ(,_,*)",Long,alongdn@comsenz.com,Male,74.226.95.144
493,-1E02,Schmidt,pschmidtdo@psu.edu,Female,215.141.238.175
494,(ﾉಥ益ಥ）ﾉ﻿ ┻━┻,Scott,bscottdp@timesonline.co.uk,Male,50.131.14.235
495,"<>?:""{}|_+",Austin,jaustindq@dell.com,Male,154.234.5.220
496,🚾 🆒 🆓 🆕 🆖 🆗 🆙 🏧,Russell,crusselldr@stanford.edu,Male,57.18.198.166
497,",。・:*:・゜’( ☻ ω ☻ )。・:*:・゜’",Torres,atorresds@slashdot.org,Male,5.87.26.75
498,() { _; } >_[$($())] { touch /tmp/blns.shellshock2.fail; },Olson,rolsondt@nature.com,Male,190.128.148.33
499,パーティーへ行かないか,Duncan,cduncandu@ft.com,Female,170.179.223.60
500,社會科學院語學研究所,Hudson,rhudsondv@bigcartel.com,Female,13.144.108.56
501,-$1.00,Reed,treeddw@cargocollective.com,Male,253.120.179.244
502,-1.00,Robertson,arobertsondx@stanford.edu,Female,31.7.19.190
503,(｡◕ ∀ ◕｡),Martin,jmartindy@deviantart.com,Female,197.23.119.27
504,1;DROP TABLE users,Anderson,jandersondz@microsoft.com,Male,169.184.29.250
505,NIL,Henderson,vhendersone0@shop-pro.jp,Male,102.145.70.186
506,‫test‫,Rodriguez,frodrigueze1@theglobeandmail.com,Female,209.44.177.84
507,00˙Ɩ$-,Wood,ewoode2@msn.com,Female,114.124.247.90
508,"ثم نفس سقطت وبالتحديد،, جزيرتي باستخدام أن دنو. إذ هنا؟ الستار وتنصيب كان. أهّل ايطاليا، بريطانيا-فرنسا قد أخذ. سليمان، إتفاقية بين ما, يذكر الحدود أي بعد, معاملة بولندا، الإطلاق عل إيو.",Hunt,dhunte3@ocn.ne.jp,Female,79.215.31.225
509,部落格,Greene,wgreenee4@bbb.org,Male,189.110.43.87
510,Ṱ̺̺̕o͞ ̷i̲̬͇̪͙n̝̗͕v̟̜̘̦͟o̶̙̰̠kè͚̮̺̪̹̱̤ ̖t̝͕̳̣̻̪͞h̼͓̲̦̳̘̲e͇̣̰̦̬͎ ̢̼̻̱̘h͚͎͙̜̣̲ͅi̦̲̣̰̤v̻͍e̺̭̳̪̰-m̢iͅn̖̺̞̲̯̰d̵̼̟͙̩̼̘̳ ̞̥̱̳̭r̛̗̘e͙p͠r̼̞̻̭̗e̺̠̣͟s̘͇̳͍̝͉e͉̥̯̞̲͚̬͜ǹ̬͎͎̟̖͇̤t͍̬̤͓̼̭͘ͅi̪̱n͠g̴͉ ͏͉ͅc̬̟h͡a̫̻̯͘o̫̟̖͍̙̝͉s̗̦̲.̨̹͈̣,Powell,cpowelle5@desdev.cn,Female,72.131.11.138
511,../../../../../../../../../../../etc/passwd%00,Mcdonald,pmcdonalde6@plala.or.jp,Female,151.224.74.151
512,部落格,Warren,iwarrene7@netscape.com,Female,206.135.32.213
513,１２３,Wright,kwrighte8@livejournal.com,Male,45.167.113.130
514,!@#$%^&*(),Daniels,rdanielse9@oaic.gov.au,Male,88.237.49.110
515,﻿,Bell,mbellea@goodreads.com,Female,233.19.167.243
516,¸˛Ç◊ı˜Â¯˘¿,Rodriguez,arodriguezeb@so-net.ne.jp,Female,169.115.85.40
517,部落格,Hawkins,ahawkinsec@stanford.edu,Male,93.2.126.81
518,¸˛Ç◊ı˜Â¯˘¿,Hudson,mhudsoned@tinypic.com,Female,30.72.220.114
519,・(￣∀￣)・:*:,Porter,cporteree@seesaa.net,Female,34.175.133.168
520,⁦test⁧,Peters,cpetersef@gmpg.org,Female,210.15.140.13
521,"""'""'""''''""",Lawrence,elawrenceeg@mayoclinic.com,Male,100.120.52.206
522,NULL,Nichols,enicholseh@berkeley.edu,Female,54.30.186.200
523,<script>alert('hi')</script>,Garcia,bgarciaei@printfriendly.com,Female,146.27.65.158
524,"""""",Smith,psmithej@moonfruit.com,Female,51.29.17.202
525,👾 🙇 💁 🙅 🙆 🙋 🙎 🙍 ,Fuller,rfullerek@who.int,Male,6.94.29.183
526,() { 0; }; touch /tmp/blns.shellshock1.fail;,Harris,lharrisel@cdbaby.com,Female,171.173.77.65
527,1;DROP TABLE users,Thompson,sthompsonem@bloglovin.com,Male,48.116.237.16
528,-1E2,Weaver,rweaveren@addthis.com,Male,55.150.127.218
529,"<>?:""{}|_+",Henry,ahenryeo@yahoo.com,Male,22.82.203.11
530,(╯°□°）╯︵ ┻━┻)  ,Day,ddayep@amazon.com,Male,239.106.244.194
531,̡͓̞ͅI̗̘̦͝n͇͇͙v̮̫ok̲̫̙͈i̖͙̭̹̠̞n̡̻̮̣̺g̲͈͙̭͙̬͎ ̰t͔̦h̞̲e̢̤ ͍̬̲͖f̴̘͕̣è͖ẹ̥̩l͖͔͚i͓͚̦͠n͖͍̗͓̳̮g͍ ̨o͚̪͡f̘̣̬ ̖̘͖̟͙̮c҉͔̫͖͓͇͖ͅh̵̤̣͚͔á̗̼͕ͅo̼̣̥s̱͈̺̖̦̻͢.̛̖̞̠̫̰,Garza,jgarzaeq@amazon.com,Male,76.63.116.196
532, ,Foster,cfosterer@t.co,Female,73.95.98.14
533,,Adams,eadamses@about.com,Male,157.35.42.4
534,-1E02,Lopez,blopezet@cnn.com,Male,18.191.63.5
535,Ω≈ç√∫˜µ≤≥÷,Gibson,jgibsoneu@bandcamp.com,Male,22.104.142.186
536,-1/2,Knight,jknightev@hhs.gov,Male,8.16.176.110
537,Œ„´‰ˇÁ¨ˆØ∏”’,Johnson,gjohnsonew@washingtonpost.com,Female,47.173.168.115
538,"בְּרֵאשִׁית, בָּרָא אֱלֹהִים, אֵת הַשָּׁמַיִם, וְאֵת הָאָרֶץ",Flores,mfloresex@tmall.com,Male,23.146.151.138
539,1E2,Palmer,mpalmerey@newsvine.com,Female,134.222.233.28
540,() { _; } >_[$($())] { touch /tmp/blns.shellshock2.fail; },Little,klittleez@baidu.com,Female,248.156.23.45
541,-1,Walker,lwalkerf0@phoca.cz,Female,195.186.3.3
542,1/2,Ryan,hryanf1@jalbum.net,Male,198.40.208.3
543,👾 🙇 💁 🙅 🙆 🙋 🙎 🙍 ,Hill,lhillf2@usatoday.com,Male,210.67.18.121
544,"""''''""'""",Evans,revansf3@ameblo.jp,Female,141.105.111.91
545,​,Simmons,msimmonsf4@earthlink.net,Male,33.219.106.48
546,˙ɐnbᴉlɐ ɐuƃɐɯ ǝɹolop ʇǝ ǝɹoqɐl ʇn ʇunpᴉpᴉɔuᴉ ɹodɯǝʇ poɯsnᴉǝ op pǝs 'ʇᴉlǝ ƃuᴉɔsᴉdᴉpɐ ɹnʇǝʇɔǝsuoɔ 'ʇǝɯɐ ʇᴉs ɹolop ɯnsdᴉ ɯǝɹo˥,Reed,rreedf5@google.com.br,Female,196.203.207.212
547,울란바토르,Duncan,fduncanf6@google.ca,Female,232.107.222.175
548,̡͓̞ͅI̗̘̦͝n͇͇͙v̮̫ok̲̫̙͈i̖͙̭̹̠̞n̡̻̮̣̺g̲͈͙̭͙̬͎ ̰t͔̦h̞̲e̢̤ ͍̬̲͖f̴̘͕̣è͖ẹ̥̩l͖͔͚i͓͚̦͠n͖͍̗͓̳̮g͍ ̨o͚̪͡f̘̣̬ ̖̘͖̟͙̮c҉͔̫͖͓͇͖ͅh̵̤̣͚͔á̗̼͕ͅo̼̣̥s̱͈̺̖̦̻͢.̛̖̞̠̫̰,Myers,cmyersf7@ucoz.ru,Female,225.126.11.246
549,​,Henry,hhenryf8@cyberchimps.com,Male,100.36.98.227
550,̡͓̞ͅI̗̘̦͝n͇͇͙v̮̫ok̲̫̙͈i̖͙̭̹̠̞n̡̻̮̣̺g̲͈͙̭͙̬͎ ̰t͔̦h̞̲e̢̤ ͍̬̲͖f̴̘͕̣è͖ẹ̥̩l͖͔͚i͓͚̦͠n͖͍̗͓̳̮g͍ ̨o͚̪͡f̘̣̬ ̖̘͖̟͙̮c҉͔̫͖͓͇͖ͅh̵̤̣͚͔á̗̼͕ͅo̼̣̥s̱͈̺̖̦̻͢.̛̖̞̠̫̰,Pierce,tpiercef9@house.gov,Male,163.106.54.46
551,사회과학원 어학연구소,Rose,arosefa@globo.com,Female,199.28.44.182
552,1E2,Dixon,ldixonfb@usnews.com,Male,101.142.225.134
553,❤️ 💔 💌 💕 💞 💓 💗 💖 💘 💝 💟 💜 💛 💚 💙,Bishop,lbishopfc@fastcompany.com,Male,156.125.181.210
554,⁰⁴⁵,Simmons,jsimmonsfd@themeforest.net,Female,53.182.113.36
555,田中さんにあげて下さい,Shaw,ashawfe@toplist.cz,Female,161.173.63.139
556,⁰⁴⁵,Schmidt,mschmidtff@sogou.com,Female,220.82.81.125
557,$1.00,Hill,thillfg@berkeley.edu,Female,211.200.185.76
558,⁰⁴⁵,Lewis,clewisfh@ifeng.com,Male,153.151.12.91
559,0.00,Garrett,pgarrettfi@soundcloud.com,Female,161.207.75.22
560,-1.00,Hicks,khicksfj@upenn.edu,Female,8.133.109.161
561,울란바토르,Coleman,tcolemanfk@wikia.com,Female,184.234.196.45
562,울란바토르,Fisher,tfisherfl@npr.org,Female,235.182.1.164
563,̦H̬̤̗̤͝e͜ ̜̥̝̻͍̟́w̕h̖̯͓o̝͙̖͎̱̮ ҉̺̙̞̟͈W̷̼̭a̺̪͍į͈͕̭͙̯̜t̶̼̮s̘͙͖̕ ̠̫̠B̻͍͙͉̳ͅe̵h̵̬͇̫͙i̹͓̳̳̮͎̫̕n͟d̴̪̜̖ ̰͉̩͇͙̲͞ͅT͖̼͓̪͢h͏͓̮̻e̬̝̟ͅ ̤̹̝W͙̞̝͔͇͝ͅa͏͓͔̹̼̣l̴͔̰̤̟͔ḽ̫.͕,Andrews,jandrewsfm@i2i.jp,Female,135.143.206.71
564,-1.00,Burke,tburkefn@alexa.com,Male,145.78.73.16
565,"__ﾛ(,_,*)",Cruz,tcruzfo@ezinearticles.com,Female,65.227.21.209
566,᠎,Gonzales,dgonzalesfp@ihg.com,Male,64.94.220.157
567, test ,Grant,bgrantfq@upenn.edu,Male,215.152.140.96
568,​,Webb,ewebbfr@squidoo.com,Female,154.180.227.240
569,✋🏿 💪🏿 👐🏿 🙌🏿 👏🏿 🙏🏿,Richards,hrichardsfs@unc.edu,Male,91.42.74.102
570,-1E+02,Garrett,sgarrettft@unc.edu,Female,0.196.150.198
571,̦H̬̤̗̤͝e͜ ̜̥̝̻͍̟́w̕h̖̯͓o̝͙̖͎̱̮ ҉̺̙̞̟͈W̷̼̭a̺̪͍į͈͕̭͙̯̜t̶̼̮s̘͙͖̕ ̠̫̠B̻͍͙͉̳ͅe̵h̵̬͇̫͙i̹͓̳̳̮͎̫̕n͟d̴̪̜̖ ̰͉̩͇͙̲͞ͅT͖̼͓̪͢h͏͓̮̻e̬̝̟ͅ ̤̹̝W͙̞̝͔͇͝ͅa͏͓͔̹̼̣l̴͔̰̤̟͔ḽ̫.͕,Lewis,jlewisfu@nyu.edu,Male,193.237.0.237
572,‪‪test‪,Evans,cevansfv@stanford.edu,Female,143.213.58.34
573,0.00,Fisher,pfisherfw@freewebs.com,Male,64.228.5.166
574,-1E2,Chavez,achavezfx@exblog.jp,Female,255.25.251.86
575,1/0,Adams,cadamsfy@de.vu,Female,245.223.225.55
576,👩🏽,Richardson,prichardsonfz@livejournal.com,Female,18.223.148.189
577,ヽ༼ຈل͜ຈ༽ﾉ ヽ༼ຈل͜ຈ༽ﾉ ,Williamson,lwilliamsong0@woothemes.com,Female,42.242.184.193
578,`⁄€‹›ﬁﬂ‡°·‚—±,Gutierrez,pgutierrezg1@go.com,Male,5.235.15.92
579,(｡◕ ∀ ◕｡),Harvey,tharveyg2@time.com,Male,200.2.16.249
580,"""''''""'""",Harris,aharrisg3@ning.com,Male,126.234.242.158
581,$1.00,Martinez,amartinezg4@irs.gov,Male,150.103.90.56
582,test⁠test‫,Vasquez,lvasquezg5@yale.edu,Female,229.139.177.140
583,울란바토르,Phillips,hphillipsg6@cdbaby.com,Female,14.144.87.75
584,⁦test⁧,Burke,tburkeg7@ehow.com,Male,249.110.19.33
585,사회과학원 어학연구소,Day,ddayg8@nydailynews.com,Female,255.216.220.228
586,1/2,Sanders,nsandersg9@meetup.com,Female,1.37.137.104
587,",./;'[]\-=",Banks,cbanksga@examiner.com,Female,253.112.223.152
588,👩🏽,West,lwestgb@youtu.be,Male,102.60.241.145
589,"""""",Harris,aharrisgc@myspace.com,Female,178.187.232.13
590,᠎,Sims,jsimsgd@photobucket.com,Male,212.148.199.115
591,-1/2,Fields,jfieldsge@oracle.com,Male,242.189.137.224
592,١٢٣,Edwards,redwardsgf@parallels.com,Male,31.68.233.76
593,和製漢語,Wood,cwoodgg@gizmodo.com,Male,143.76.38.208
594,-1E2,Mitchell,gmitchellgh@meetup.com,Male,37.159.124.178
595,⁰⁴⁵₀₁₂,Wood,twoodgi@narod.ru,Female,135.135.12.153
596,😍,Gibson,sgibsongj@state.tx.us,Male,38.131.216.132
597,-1.00,Bell,sbellgk@mail.ru,Female,164.28.159.112
598,0️⃣ 1️⃣ 2️⃣ 3️⃣ 4️⃣ 5️⃣ 6️⃣ 7️⃣ 8️⃣ 9️⃣ 🔟,Ferguson,cfergusongl@tiny.cc,Male,172.112.164.187
599,../../../../../../../../../../../etc/passwd%00,Ray,jraygm@devhub.com,Male,190.151.189.179
600,<svg><script>0<1>alert('XSS')</script>,Garza,rgarzagn@themeforest.net,Male,158.176.201.58
601,0️⃣ 1️⃣ 2️⃣ 3️⃣ 4️⃣ 5️⃣ 6️⃣ 7️⃣ 8️⃣ 9️⃣ 🔟,Reyes,jreyesgo@goo.ne.jp,Female,252.23.32.48
602,␢,Torres,etorresgp@blogtalkradio.com,Male,220.189.170.11
603,パーティーへ行かないか,King,skinggq@cbc.ca,Female,111.29.103.219
604,-1E2,Gardner,bgardnergr@oaic.gov.au,Female,253.14.228.9
605,() { _; } >_[$($())] { touch /tmp/blns.shellshock2.fail; },Ross,rrossgs@free.fr,Female,76.237.109.107
606,👩🏽,Mitchell,pmitchellgt@webs.com,Male,183.23.144.253
607,NULL,Garrett,kgarrettgu@uiuc.edu,Male,10.205.196.103
608,0️⃣ 1️⃣ 2️⃣ 3️⃣ 4️⃣ 5️⃣ 6️⃣ 7️⃣ 8️⃣ 9️⃣ 🔟,Bell,pbellgv@omniture.com,Female,109.90.126.53
609,̡͓̞ͅI̗̘̦͝n͇͇͙v̮̫ok̲̫̙͈i̖͙̭̹̠̞n̡̻̮̣̺g̲͈͙̭͙̬͎ ̰t͔̦h̞̲e̢̤ ͍̬̲͖f̴̘͕̣è͖ẹ̥̩l͖͔͚i͓͚̦͠n͖͍̗͓̳̮g͍ ̨o͚̪͡f̘̣̬ ̖̘͖̟͙̮c҉͔̫͖͓͇͖ͅh̵̤̣͚͔á̗̼͕ͅo̼̣̥s̱͈̺̖̦̻͢.̛̖̞̠̫̰,Black,sblackgw@multiply.com,Male,242.117.70.238
610,../../../../../../../../../../../etc/hosts,Roberts,jrobertsgx@craigslist.org,Male,136.6.168.19
611,0.00,Andrews,dandrewsgy@addthis.com,Male,206.66.167.53
612,ヽ༼ຈل͜ຈ༽ﾉ ヽ༼ຈل͜ຈ༽ﾉ ,Fox,afoxgz@hc360.com,Male,6.66.58.64
613,-1E+02,Franklin,bfranklinh0@businessinsider.com,Female,47.95.92.247
614,`⁄€‹›ﬁﬂ‡°·‚—±,Rice,friceh1@bbc.co.uk,Male,192.3.178.145
615,👾 🙇 💁 🙅 🙆 🙋 🙎 🙍 ,Baker,abakerh2@xing.com,Female,231.150.53.218
616,-$1.00,Cooper,ccooperh3@admin.ch,Male,65.72.37.125
617,-1,Richardson,rrichardsonh4@kickstarter.com,Female,101.21.70.133
618,"'""'",Cooper,ccooperh5@blogs.com,Female,174.227.253.9
619,$1.00,Hansen,ahansenh6@msu.edu,Male,250.17.86.232
620,Ṱ̺̺̕o͞ ̷i̲̬͇̪͙n̝̗͕v̟̜̘̦͟o̶̙̰̠kè͚̮̺̪̹̱̤ ̖t̝͕̳̣̻̪͞h̼͓̲̦̳̘̲e͇̣̰̦̬͎ ̢̼̻̱̘h͚͎͙̜̣̲ͅi̦̲̣̰̤v̻͍e̺̭̳̪̰-m̢iͅn̖̺̞̲̯̰d̵̼̟͙̩̼̘̳ ̞̥̱̳̭r̛̗̘e͙p͠r̼̞̻̭̗e̺̠̣͟s̘͇̳͍̝͉e͉̥̯̞̲͚̬͜ǹ̬͎͎̟̖͇̤t͍̬̤͓̼̭͘ͅi̪̱n͠g̴͉ ͏͉ͅc̬̟h͡a̫̻̯͘o̫̟̖͍̙̝͉s̗̦̲.̨̹͈̣,Williamson,dwilliamsonh7@slashdot.org,Male,77.34.23.72
621,-1.00,Kelly,jkellyh8@fda.gov,Female,207.141.168.128
622,,Fuller,kfullerh9@ycombinator.com,Male,177.231.220.23
623,Ω≈ç√∫˜µ≤≥÷,Fowler,efowlerha@list-manage.com,Male,103.186.133.203
624,␣,Andrews,candrewshb@archive.org,Male,21.237.157.20
625,₀₁₂,Moore,amoorehc@amazon.com,Female,54.4.188.22
626,<img src=x onerror=alert('hi') />,Carpenter,kcarpenterhd@reddit.com,Female,87.0.104.103
627,˙ɐnbᴉlɐ ɐuƃɐɯ ǝɹolop ʇǝ ǝɹoqɐl ʇn ʇunpᴉpᴉɔuᴉ ɹodɯǝʇ poɯsnᴉǝ op pǝs 'ʇᴉlǝ ƃuᴉɔsᴉdᴉpɐ ɹnʇǝʇɔǝsuoɔ 'ʇǝɯɐ ʇᴉs ɹolop ɯnsdᴉ ɯǝɹo˥,Foster,rfosterhe@godaddy.com,Male,122.183.131.243
628,パーティーへ行かないか,Garza,jgarzahf@google.com,Male,119.98.212.41
629,田中さんにあげて下さい,Ellis,iellishg@phoca.cz,Female,48.121.36.114
630,パーティーへ行かないか,Baker,lbakerhh@hibu.com,Female,123.90.41.224
631,⁦test⁧,Wells,gwellshi@clickbank.net,Male,71.168.25.195
632,../../../../../../../../../../../etc/passwd%00,Parker,lparkerhj@1und1.de,Female,81.217.242.190
633,<img src=x onerror=alert('hi') />,Reed,lreedhk@craigslist.org,Female,253.19.170.113
634,1;DROP TABLE users,Davis,edavishl@acquirethisname.com,Male,151.134.107.23
635,!@#$%^&*(),Black,ablackhm@slashdot.org,Male,173.9.143.143
636,!@#$%^&*(),Hughes,fhugheshn@digg.com,Male,152.64.177.22
637,-1E+02,Richardson,brichardsonho@ow.ly,Male,14.183.31.65
638,<svg><script>0<1>alert('XSS')</script>,Lewis,plewishp@friendfeed.com,Male,36.199.116.212
639,1,Sullivan,bsullivanhq@ca.gov,Female,55.190.45.139
640,../../../../../../../../../../../etc/passwd%00,Campbell,kcampbellhr@skyrock.com,Female,230.209.137.47
641,,Armstrong,tarmstronghs@discuz.net,Male,66.49.181.235
642,0/0,Garrett,rgarrettht@google.ru,Male,65.244.197.19
643, test ,Pierce,apiercehu@nyu.edu,Female,121.101.81.105
644,👩🏽,Wheeler,twheelerhv@dagondesign.com,Female,146.245.218.19
645,../../../../../../../../../../../etc/passwd%00,Mendoza,jmendozahw@narod.ru,Male,185.27.220.65
646,() { 0; }; touch /tmp/blns.shellshock1.fail;,Wallace,pwallacehx@drupal.org,Male,95.10.63.85
647,̦H̬̤̗̤͝e͜ ̜̥̝̻͍̟́w̕h̖̯͓o̝͙̖͎̱̮ ҉̺̙̞̟͈W̷̼̭a̺̪͍į͈͕̭͙̯̜t̶̼̮s̘͙͖̕ ̠̫̠B̻͍͙͉̳ͅe̵h̵̬͇̫͙i̹͓̳̳̮͎̫̕n͟d̴̪̜̖ ̰͉̩͇͙̲͞ͅT͖̼͓̪͢h͏͓̮̻e̬̝̟ͅ ̤̹̝W͙̞̝͔͇͝ͅa͏͓͔̹̼̣l̴͔̰̤̟͔ḽ̫.͕,Parker,cparkerhy@princeton.edu,Female,27.1.108.165
648,"בְּרֵאשִׁית, בָּרָא אֱלֹהִים, אֵת הַשָּׁמַיִם, וְאֵת הָאָרֶץ",Fields,gfieldshz@theglobeandmail.com,Female,158.138.63.172
649,部落格,Oliver,joliveri0@narod.ru,Male,254.122.212.11
650,",./;'[]\-=",Banks,jbanksi1@timesonline.co.uk,Male,113.243.141.104
651,﻿,Lynch,rlynchi2@phoca.cz,Female,221.228.10.102
652,ÅÍÎÏ˝ÓÔÒÚÆ☃,Nichols,jnicholsi3@google.fr,Female,210.185.49.27
653,1/2,Gonzalez,dgonzalezi4@histats.com,Female,88.134.124.105
654,NIL,Willis,bwillisi5@webs.com,Male,229.226.183.5
655,Ω≈ç√∫˜µ≤≥÷,Howell,rhowelli6@oaic.gov.au,Female,114.126.136.25
656,!@#$%^&*(),Stewart,jstewarti7@imdb.com,Female,35.23.46.218
657,1/0,Weaver,gweaveri8@exblog.jp,Female,145.151.185.235
658,"'""'",Howell,rhowelli9@businessinsider.com,Female,251.235.4.215
659,../../../../../../../../../../../etc/hosts,Dunn,ldunnia@boston.com,Female,138.126.87.82
660,"<>?:""{}|_+",Harper,rharperib@mapy.cz,Male,11.62.167.238
661,nil,Shaw,eshawic@trellian.com,Female,204.90.178.217
662,Ω≈ç√∫˜µ≤≥÷,Schmidt,aschmidtid@tmall.com,Female,229.226.202.76
663,⁰⁴⁵,Richardson,jrichardsonie@sourceforge.net,Male,147.41.246.157
664,﻿,Howard,nhowardif@netvibes.com,Female,11.218.167.118
665,사회과학원 어학연구소,Castillo,bcastilloig@devhub.com,Male,175.166.12.168
666,"""""",Little,rlittleih@mapy.cz,Female,227.42.7.244
667,"'""'",Stevens,gstevensii@clickbank.net,Female,253.232.219.17
668,-1.00,Coleman,kcolemanij@nationalgeographic.com,Female,121.131.93.130
669,⁦test⁧,Romero,hromeroik@google.fr,Male,250.220.187.87
670,1E2,Allen,aallenil@answers.com,Female,149.84.148.240
671,✋🏿 💪🏿 👐🏿 🙌🏿 👏🏿 🙏🏿,Patterson,spattersonim@paypal.com,Female,45.34.153.145
672,̗̺͖̹̯͓Ṯ̤͍̥͇͈h̲́e͏͓̼̗̙̼̣͔ ͇̜̱̠͓͍ͅN͕͠e̗̱z̘̝̜̺͙p̤̺̹͍̯͚e̠̻̠͜r̨̤͍̺̖͔̖̖d̠̟̭̬̝͟i̦͖̩͓͔̤a̠̗̬͉̙n͚͜ ̻̞̰͚ͅh̵͉i̳̞v̢͇ḙ͎͟-҉̭̩̼͔m̤̭̫i͕͇̝̦n̗͙ḍ̟ ̯̲͕͞ǫ̟̯̰̲͙̻̝f ̪̰̰̗̖̭̘͘c̦͍̲̞͍̩̙ḥ͚a̮͎̟̙͜ơ̩̹͎s̤.̝̝ ҉Z̡̖̜͖̰̣͉̜a͖̰͙̬͡l̲̫̳͍̩g̡̟̼̱͚̞̬ͅo̗͜.̟,Day,cdayin@buzzfeed.com,Male,79.175.188.150
673,​,Hughes,fhughesio@php.net,Female,172.240.166.115
674,Œ„´‰ˇÁ¨ˆØ∏”’,Chapman,dchapmanip@scribd.com,Male,28.30.144.129
675,˙ɐnbᴉlɐ ɐuƃɐɯ ǝɹolop ʇǝ ǝɹoqɐl ʇn ʇunpᴉpᴉɔuᴉ ɹodɯǝʇ poɯsnᴉǝ op pǝs 'ʇᴉlǝ ƃuᴉɔsᴉdᴉpɐ ɹnʇǝʇɔǝsuoɔ 'ʇǝɯɐ ʇᴉs ɹolop ɯnsdᴉ ɯǝɹo˥,Butler,tbutleriq@sakura.ne.jp,Male,179.180.114.146
676,1.00,Austin,saustinir@phoca.cz,Female,119.146.116.24
677,사회과학원 어학연구소,Bell,abellis@sciencedaily.com,Male,19.123.182.25
678,00˙Ɩ$-,Oliver,roliverit@kickstarter.com,Male,28.196.202.40
679,() { _; } >_[$($())] { touch /tmp/blns.shellshock2.fail; },Watkins,jwatkinsiu@indiatimes.com,Female,4.165.57.183
680,"'""'",Reyes,mreyesiv@so-net.ne.jp,Male,229.221.115.58
681,(╯°□°）╯︵ ┻━┻)  ,Butler,lbutleriw@infoseek.co.jp,Male,148.233.251.195
682,ヽ༼ຈل͜ຈ༽ﾉ ヽ༼ຈل͜ຈ༽ﾉ ,Hanson,jhansonix@dion.ne.jp,Female,84.31.191.82
683,・(￣∀￣)・:*:,Phillips,gphillipsiy@gnu.org,Female,243.243.252.164
684,𠜎𠜱𠝹𠱓𠱸𠲖𠳏,Kelley,mkelleyiz@hatena.ne.jp,Female,146.36.148.85
685,社會科學院語學研究所,Wells,bwellsj0@facebook.com,Male,95.225.95.254
686,() { 0; }; touch /tmp/blns.shellshock1.fail;,Lawrence,rlawrencej1@1688.com,Male,204.248.164.173
687,"__ﾛ(,_,*)",Edwards,bedwardsj2@hostgator.com,Female,239.139.162.49
688,社會科學院語學研究所,Cooper,ecooperj3@state.gov,Female,85.73.39.157
689,"__ﾛ(,_,*)",Perry,tperryj4@salon.com,Female,13.108.21.38
690,👩🏽,Dixon,pdixonj5@rediff.com,Male,174.175.33.85
691,1E02,Bennett,dbennettj6@ebay.co.uk,Female,152.50.15.173
692,⁰⁴⁵₀₁₂,Howell,rhowellj7@slashdot.org,Female,235.45.186.209
693,̗̺͖̹̯͓Ṯ̤͍̥͇͈h̲́e͏͓̼̗̙̼̣͔ ͇̜̱̠͓͍ͅN͕͠e̗̱z̘̝̜̺͙p̤̺̹͍̯͚e̠̻̠͜r̨̤͍̺̖͔̖̖d̠̟̭̬̝͟i̦͖̩͓͔̤a̠̗̬͉̙n͚͜ ̻̞̰͚ͅh̵͉i̳̞v̢͇ḙ͎͟-҉̭̩̼͔m̤̭̫i͕͇̝̦n̗͙ḍ̟ ̯̲͕͞ǫ̟̯̰̲͙̻̝f ̪̰̰̗̖̭̘͘c̦͍̲̞͍̩̙ḥ͚a̮͎̟̙͜ơ̩̹͎s̤.̝̝ ҉Z̡̖̜͖̰̣͉̜a͖̰͙̬͡l̲̫̳͍̩g̡̟̼̱͚̞̬ͅo̗͜.̟,White,cwhitej8@360.cn,Male,66.182.84.41
694,‫test‫,Garrett,agarrettj9@themeforest.net,Male,76.231.133.155
695,ÅÍÎÏ˝ÓÔÒÚÆ☃,Lane,mlaneja@multiply.com,Male,8.77.209.23
696,１２３,Moore,rmoorejb@mayoclinic.com,Male,43.89.230.222
697,NULL,Schmidt,tschmidtjc@bigcartel.com,Male,173.22.109.209
698,nil,Ford,hfordjd@examiner.com,Male,201.242.106.103
699,NIL,Bishop,gbishopje@oakley.com,Female,242.236.250.152
700,社會科學院語學研究所,Richards,trichardsjf@cnet.com,Female,121.113.194.192
701,・(￣∀￣)・:*:,Young,wyoungjg@hostgator.com,Male,241.60.39.10
702,̡͓̞ͅI̗̘̦͝n͇͇͙v̮̫ok̲̫̙͈i̖͙̭̹̠̞n̡̻̮̣̺g̲͈͙̭͙̬͎ ̰t͔̦h̞̲e̢̤ ͍̬̲͖f̴̘͕̣è͖ẹ̥̩l͖͔͚i͓͚̦͠n͖͍̗͓̳̮g͍ ̨o͚̪͡f̘̣̬ ̖̘͖̟͙̮c҉͔̫͖͓͇͖ͅh̵̤̣͚͔á̗̼͕ͅo̼̣̥s̱͈̺̖̦̻͢.̛̖̞̠̫̰,Gilbert,egilbertjh@engadget.com,Male,142.228.160.177
703,和製漢語,Simmons,hsimmonsji@hao123.com,Male,186.41.211.121
704,$1.00,Welch,jwelchjj@parallels.com,Female,43.67.250.155
705,和製漢語,Payne,bpaynejk@1688.com,Female,132.139.240.15
706,社會科學院語學研究所,Ruiz,rruizjl@admin.ch,Male,166.18.32.14
707,社會科學院語學研究所,Chapman,kchapmanjm@icq.com,Female,35.95.103.165
708,',Cox,ccoxjn@irs.gov,Female,234.131.152.11
709,Ω≈ç√∫˜µ≤≥÷,Crawford,rcrawfordjo@360.cn,Male,23.104.59.32
710,和製漢語,Ferguson,lfergusonjp@ucsd.edu,Male,45.129.55.66
711,1/2,Edwards,gedwardsjq@cdbaby.com,Female,166.219.162.111
712,œ∑´®†¥¨ˆøπ“‘,Young,syoungjr@xrea.com,Male,10.94.116.148
713,() { 0; }; touch /tmp/blns.shellshock1.fail;,Moreno,fmorenojs@mail.ru,Male,67.204.118.111
714,999999999999999999999999999999999999999999999999999999999999999999999999999999999999999999999999,Lane,slanejt@furl.net,Male,28.74.94.135
715,0.00,Murphy,vmurphyju@japanpost.jp,Female,177.135.176.102
716,¡™£¢∞§¶•ªº–≠,White,twhitejv@digg.com,Female,96.234.182.25
717,¸˛Ç◊ı˜Â¯˘¿,Bailey,jbaileyjw@upenn.edu,Female,144.233.229.44
718,(╯°□°）╯︵ ┻━┻)  ,Mitchell,lmitchelljx@ibm.com,Female,21.117.221.140
719,１２３,Powell,ppowelljy@parallels.com,Male,74.242.58.191
720,❤️ 💔 💌 💕 💞 💓 💗 💖 💘 💝 💟 💜 💛 💚 💙,Cooper,ncooperjz@amazonaws.com,Female,53.217.128.86
721,⁰⁴⁵₀₁₂,Garza,kgarzak0@seesaa.net,Male,161.119.180.64
722,社會科學院語學研究所,Ray,drayk1@barnesandnoble.com,Female,128.164.49.177
723,(ﾉಥ益ಥ）ﾉ﻿ ┻━┻,Baker,lbakerk2@jugem.jp,Female,17.49.183.138
724,⁰⁴⁵₀₁₂,Peterson,spetersonk3@bizjournals.com,Female,39.216.129.162
725,NULL,Wood,ewoodk4@timesonline.co.uk,Male,120.4.207.43
726,울란바토르,Peters,jpetersk5@dion.ne.jp,Male,67.53.118.185
727,˙ɐnbᴉlɐ ɐuƃɐɯ ǝɹolop ʇǝ ǝɹoqɐl ʇn ʇunpᴉpᴉɔuᴉ ɹodɯǝʇ poɯsnᴉǝ op pǝs 'ʇᴉlǝ ƃuᴉɔsᴉdᴉpɐ ɹnʇǝʇɔǝsuoɔ 'ʇǝɯɐ ʇᴉs ɹolop ɯnsdᴉ ɯǝɹo˥,Nichols,nnicholsk6@prnewswire.com,Female,38.6.207.81
728,和製漢語,Ward,awardk7@comsenz.com,Female,114.182.124.54
729,1E+02,Spencer,jspencerk8@vimeo.com,Male,86.20.10.206
730,<svg><script>0<1>alert('XSS')</script>,Crawford,bcrawfordk9@360.cn,Female,117.32.203.3
731,NIL,Hunter,khunterka@istockphoto.com,Male,197.221.227.250
732,・(￣∀￣)・:*:,Fernandez,rfernandezkb@themeforest.net,Female,229.117.54.224
733,社會科學院語學研究所,Grant,agrantkc@latimes.com,Male,132.183.249.231
734,⁦test⁧,Howard,hhowardkd@boston.com,Male,95.91.183.151
735,｀ｨ(´∀｀∩,Boyd,lboydke@purevolume.com,Male,23.222.232.212
736,-$1.00,Fowler,bfowlerkf@i2i.jp,Male,33.94.81.93
737,😍,Collins,kcollinskg@fema.gov,Male,214.46.71.196
738,-1.00,Armstrong,aarmstrongkh@hud.gov,Female,252.28.157.145
739,/dev/null; touch /tmp/blns.fail ; echo,Walker,jwalkerki@geocities.com,Male,109.36.47.74
740,部落格,Morrison,amorrisonkj@acquirethisname.com,Female,141.49.128.54
741,⁰⁴⁵₀₁₂,Turner,rturnerkk@bandcamp.com,Male,179.217.72.1
742,˙ɐnbᴉlɐ ɐuƃɐɯ ǝɹolop ʇǝ ǝɹoqɐl ʇn ʇunpᴉpᴉɔuᴉ ɹodɯǝʇ poɯsnᴉǝ op pǝs 'ʇᴉlǝ ƃuᴉɔsᴉdᴉpɐ ɹnʇǝʇɔǝsuoɔ 'ʇǝɯɐ ʇᴉs ɹolop ɯnsdᴉ ɯǝɹo˥,Wagner,swagnerkl@usda.gov,Female,64.254.228.59
743,<img src=x onerror=alert('hi') />,Evans,aevanskm@state.tx.us,Female,131.242.198.152
744,œ∑´®†¥¨ˆøπ“‘,Stewart,pstewartkn@exblog.jp,Male,106.102.132.184
745,$1.00,Myers,amyersko@constantcontact.com,Female,237.164.124.128
746,() { 0; }; touch /tmp/blns.shellshock1.fail;,Gutierrez,agutierrezkp@apple.com,Male,35.214.106.5
747,1.00,Murphy,tmurphykq@apple.com,Female,20.23.43.69
748,"""''''""'""",Robertson,brobertsonkr@php.net,Male,216.20.229.31
749,null,West,vwestks@storify.com,Male,146.108.73.61
750, test ,Jones,hjoneskt@usnews.com,Female,231.66.164.149
751,部落格,Turner,mturnerku@51.la,Female,207.145.145.83
752,사회과학원 어학연구소,Mills,amillskv@salon.com,Female,181.138.39.1
753,הָיְתָהtestالصفحات التّحول,Hunter,ahunterkw@sogou.com,Female,185.212.38.120
754,̡͓̞ͅI̗̘̦͝n͇͇͙v̮̫ok̲̫̙͈i̖͙̭̹̠̞n̡̻̮̣̺g̲͈͙̭͙̬͎ ̰t͔̦h̞̲e̢̤ ͍̬̲͖f̴̘͕̣è͖ẹ̥̩l͖͔͚i͓͚̦͠n͖͍̗͓̳̮g͍ ̨o͚̪͡f̘̣̬ ̖̘͖̟͙̮c҉͔̫͖͓͇͖ͅh̵̤̣͚͔á̗̼͕ͅo̼̣̥s̱͈̺̖̦̻͢.̛̖̞̠̫̰,Howell,rhowellkx@ihg.com,Male,93.180.218.80
755,œ∑´®†¥¨ˆøπ“‘,Foster,jfosterky@creativecommons.org,Male,136.167.147.60
756, ,Davis,fdaviskz@plala.or.jp,Female,160.162.221.23
757,␢,Montgomery,mmontgomeryl0@discuz.net,Female,97.182.120.18
758,<img src=x onerror=alert('hi') />,Hunt,shuntl1@tripadvisor.com,Female,127.185.0.117
759,(｡◕ ∀ ◕｡),Brooks,sbrooksl2@buzzfeed.com,Male,158.34.196.197
760,✋🏿 💪🏿 👐🏿 🙌🏿 👏🏿 🙏🏿,Price,rpricel3@live.com,Female,208.181.239.91
761,,Porter,tporterl4@photobucket.com,Male,125.224.233.165
762,사회과학원 어학연구소,Mitchell,mmitchelll5@taobao.com,Female,21.12.46.31
763,˙ɐnbᴉlɐ ɐuƃɐɯ ǝɹolop ʇǝ ǝɹoqɐl ʇn ʇunpᴉpᴉɔuᴉ ɹodɯǝʇ poɯsnᴉǝ op pǝs 'ʇᴉlǝ ƃuᴉɔsᴉdᴉpɐ ɹnʇǝʇɔǝsuoɔ 'ʇǝɯɐ ʇᴉs ɹolop ɯnsdᴉ ɯǝɹo˥,Arnold,warnoldl6@macromedia.com,Male,212.51.240.66
764,˙ɐnbᴉlɐ ɐuƃɐɯ ǝɹolop ʇǝ ǝɹoqɐl ʇn ʇunpᴉpᴉɔuᴉ ɹodɯǝʇ poɯsnᴉǝ op pǝs 'ʇᴉlǝ ƃuᴉɔsᴉdᴉpɐ ɹnʇǝʇɔǝsuoɔ 'ʇǝɯɐ ʇᴉs ɹolop ɯnsdᴉ ɯǝɹo˥,Hayes,khayesl7@etsy.com,Male,110.97.6.179
765,᠎,Taylor,etaylorl8@fc2.com,Male,108.175.238.145
766,"""'""'""''''""",Patterson,wpattersonl9@booking.com,Male,158.53.29.37
767,👾 🙇 💁 🙅 🙆 🙋 🙎 🙍 ,Murray,pmurrayla@dailymail.co.uk,Female,237.37.206.173
768,١٢٣,Howell,jhowelllb@eventbrite.com,Male,124.245.158.44
769,-1,Alexander,jalexanderlc@home.pl,Male,88.135.126.86
770,Ω≈ç√∫˜µ≤≥÷,Stanley,astanleyld@who.int,Female,110.126.89.249
771,1/2,Fernandez,jfernandezle@taobao.com,Female,221.207.179.44
772,(╯°□°）╯︵ ┻━┻)  ,Bryant,kbryantlf@wp.com,Male,196.90.55.209
773,社會科學院語學研究所,Lynch,tlynchlg@zdnet.com,Female,34.176.9.54
774,",。・:*:・゜’( ☻ ω ☻ )。・:*:・゜’",Alvarez,aalvarezlh@t.co,Female,246.199.225.101
775,᠎,Foster,rfosterli@blogs.com,Female,26.25.20.162
776,¡™£¢∞§¶•ªº–≠,Castillo,rcastillolj@constantcontact.com,Female,97.208.89.211
777,nil,Rice,sricelk@over-blog.com,Male,237.248.29.192
778,"<>?:""{}|_+",Bishop,wbishopll@cnn.com,Male,33.119.95.163
779,田中さんにあげて下さい,Rice,sricelm@nymag.com,Male,152.77.239.45
780,-$1.00,Jordan,sjordanln@ted.com,Male,94.6.133.246
781,Œ„´‰ˇÁ¨ˆØ∏”’,Gordon,rgordonlo@sina.com.cn,Female,55.182.179.176
782,Z̮̞̠͙͔ͅḀ̗̞͈̻̗Ḷ͙͎̯̹̞͓G̻O̭̗̮,Hunt,ehuntlp@bloglovin.com,Male,187.103.110.184
783,<script>alert('hi')</script>,Patterson,kpattersonlq@nymag.com,Female,54.149.75.242
784,(｡◕ ∀ ◕｡),Jones,mjoneslr@marketwatch.com,Male,95.138.15.139
785,1.00,Evans,sevansls@meetup.com,Male,98.202.110.98
786,₀₁₂,Morrison,jmorrisonlt@whitehouse.gov,Male,149.215.205.40
787,-1E+02,Harrison,rharrisonlu@photobucket.com,Male,208.231.85.13
788,Z̮̞̠͙͔ͅḀ̗̞͈̻̗Ḷ͙͎̯̹̞͓G̻O̭̗̮,Hicks,jhickslv@mozilla.org,Female,81.192.180.253
789,̦H̬̤̗̤͝e͜ ̜̥̝̻͍̟́w̕h̖̯͓o̝͙̖͎̱̮ ҉̺̙̞̟͈W̷̼̭a̺̪͍į͈͕̭͙̯̜t̶̼̮s̘͙͖̕ ̠̫̠B̻͍͙͉̳ͅe̵h̵̬͇̫͙i̹͓̳̳̮͎̫̕n͟d̴̪̜̖ ̰͉̩͇͙̲͞ͅT͖̼͓̪͢h͏͓̮̻e̬̝̟ͅ ̤̹̝W͙̞̝͔͇͝ͅa͏͓͔̹̼̣l̴͔̰̤̟͔ḽ̫.͕,Long,rlonglw@mlb.com,Female,237.247.47.118
790,<svg><script>0<1>alert('XSS')</script>,Gomez,agomezlx@sphinn.com,Male,185.6.5.16
791,1.00,Walker,dwalkerly@comcast.net,Male,134.201.253.38
792,‪‪test‪,Perez,vperezlz@youtu.be,Male,111.172.102.74
793,¸˛Ç◊ı˜Â¯˘¿,Bowman,kbowmanm0@xing.com,Male,1.90.154.58
794,⁦test⁧,Matthews,jmatthewsm1@bandcamp.com,Male,78.18.71.148
795,₀₁₂,Flores,efloresm2@theguardian.com,Female,97.30.169.42
796,⁰⁴⁵,Chavez,jchavezm3@angelfire.com,Female,50.70.220.13
797,",./;'[]\-=",Warren,wwarrenm4@constantcontact.com,Male,115.223.94.36
798,　,Gonzalez,lgonzalezm5@answers.com,Male,222.23.214.100
799,-1,Rogers,srogersm6@washingtonpost.com,Female,135.38.153.19
800,̡͓̞ͅI̗̘̦͝n͇͇͙v̮̫ok̲̫̙͈i̖͙̭̹̠̞n̡̻̮̣̺g̲͈͙̭͙̬͎ ̰t͔̦h̞̲e̢̤ ͍̬̲͖f̴̘͕̣è͖ẹ̥̩l͖͔͚i͓͚̦͠n͖͍̗͓̳̮g͍ ̨o͚̪͡f̘̣̬ ̖̘͖̟͙̮c҉͔̫͖͓͇͖ͅh̵̤̣͚͔á̗̼͕ͅo̼̣̥s̱͈̺̖̦̻͢.̛̖̞̠̫̰,Gibson,egibsonm7@drupal.org,Female,253.165.252.146
801,() { _; } >_[$($())] { touch /tmp/blns.shellshock2.fail; },Russell,brussellm8@nsw.gov.au,Female,41.103.38.95
802,"ثم نفس سقطت وبالتحديد،, جزيرتي باستخدام أن دنو. إذ هنا؟ الستار وتنصيب كان. أهّل ايطاليا، بريطانيا-فرنسا قد أخذ. سليمان، إتفاقية بين ما, يذكر الحدود أي بعد, معاملة بولندا، الإطلاق عل إيو.",Sanders,bsandersm9@wp.com,Male,19.176.107.22
803,!@#$%^&*(),Cole,mcolema@elpais.com,Male,118.58.34.217
804,"""'""'""''''""",Rice,lricemb@state.gov,Male,105.94.207.27
805,",./;'[]\-=",Collins,ncollinsmc@com.com,Male,132.61.100.212
806,œ∑´®†¥¨ˆøπ“‘,Owens,mowensmd@slashdot.org,Male,230.231.1.134
807,/dev/null; touch /tmp/blns.fail ; echo,Anderson,sandersonme@instagram.com,Female,208.170.40.178
808,¸˛Ç◊ı˜Â¯˘¿,Frazier,afraziermf@jiathis.com,Male,212.109.153.162
809,0/0,Kelley,jkelleymg@earthlink.net,Male,25.54.107.247
810,🐵 🙈 🙉 🙊,Ramos,tramosmh@furl.net,Female,95.108.143.136
811,<img src=x onerror=alert('hi') />,Burns,dburnsmi@artisteer.com,Male,199.97.103.28
812,`⁄€‹›ﬁﬂ‡°·‚—±,Sanders,rsandersmj@wired.com,Female,158.196.76.12
813,"""'""'""''''""",Ferguson,rfergusonmk@hhs.gov,Male,18.239.150.250
814,ﾟ･✿ヾ╲(｡◕‿◕｡)╱✿･ﾟ,Lynch,klynchml@census.gov,Male,158.14.94.92
815,!@#$%^&*(),Schmidt,ischmidtmm@altervista.org,Female,73.160.141.109
816,田中さんにあげて下さい,Willis,rwillismn@tumblr.com,Female,157.92.237.242
817,1/0,Barnes,jbarnesmo@intel.com,Male,197.67.91.15
818,-1/2,Adams,sadamsmp@go.com,Female,120.13.54.122
819,0️⃣ 1️⃣ 2️⃣ 3️⃣ 4️⃣ 5️⃣ 6️⃣ 7️⃣ 8️⃣ 9️⃣ 🔟,Wells,rwellsmq@com.com,Male,23.67.118.93
820,`⁄€‹›ﬁﬂ‡°·‚—±,Johnson,jjohnsonmr@admin.ch,Female,8.62.135.194
821,(｡◕ ∀ ◕｡),Campbell,gcampbellms@ucsd.edu,Female,102.15.105.94
822,() { 0; }; touch /tmp/blns.shellshock1.fail;,Montgomery,rmontgomerymt@mapquest.com,Male,194.215.48.87
823,(ﾉಥ益ಥ）ﾉ﻿ ┻━┻,Baker,kbakermu@drupal.org,Female,178.15.202.228
824,"""''''""'""",Foster,pfostermv@phpbb.com,Male,92.88.121.193
825,ﾟ･✿ヾ╲(｡◕‿◕｡)╱✿･ﾟ,Crawford,rcrawfordmw@indiegogo.com,Male,152.127.32.108
826,᠎,Willis,awillismx@plala.or.jp,Male,238.109.230.127
827,⁦test⁧,Jenkins,kjenkinsmy@unesco.org,Male,233.217.174.50
828,울란바토르,Bailey,jbaileymz@imageshack.us,Female,97.48.199.167
829,﻿,Stevens,dstevensn0@t.co,Male,6.227.40.137
830,0️⃣ 1️⃣ 2️⃣ 3️⃣ 4️⃣ 5️⃣ 6️⃣ 7️⃣ 8️⃣ 9️⃣ 🔟,Owens,dowensn1@answers.com,Female,104.213.84.212
831,1/0,Reyes,kreyesn2@google.es,Male,219.215.53.73
832,NULL,Lawrence,blawrencen3@wired.com,Male,118.157.250.159
833,-$1.00,Ross,prossn4@msu.edu,Female,158.81.105.82
834,-$1.00,Perkins,lperkinsn5@ehow.com,Female,120.7.140.10
835,!@#$%^&*(),Myers,jmyersn6@nasa.gov,Female,234.73.219.124
836,‫test‫,Collins,hcollinsn7@ca.gov,Female,154.213.205.116
837,ﾟ･✿ヾ╲(｡◕‿◕｡)╱✿･ﾟ,Gordon,dgordonn8@usa.gov,Male,36.123.154.79
838,<script>alert('hi')</script>,Porter,lportern9@google.com.hk,Female,9.240.103.247
839,test⁠test‫,Collins,rcollinsna@constantcontact.com,Female,221.77.211.242
840,ÅÍÎÏ˝ÓÔÒÚÆ☃,Evans,kevansnb@google.com.br,Male,113.53.35.182
841,(｡◕ ∀ ◕｡),Martinez,jmartineznc@blogs.com,Male,229.238.189.155
842,"ثم نفس سقطت وبالتحديد،, جزيرتي باستخدام أن دنو. إذ هنا؟ الستار وتنصيب كان. أهّل ايطاليا، بريطانيا-فرنسا قد أخذ. سليمان، إتفاقية بين ما, يذكر الحدود أي بعد, معاملة بولندا، الإطلاق عل إيو.",Gordon,vgordonnd@aol.com,Female,169.223.93.198
843,../../../../../../../../../../../etc/passwd%00,Romero,tromerone@oaic.gov.au,Male,25.75.174.203
844,nil,Myers,jmyersnf@istockphoto.com,Female,224.245.118.243
845,̗̺͖̹̯͓Ṯ̤͍̥͇͈h̲́e͏͓̼̗̙̼̣͔ ͇̜̱̠͓͍ͅN͕͠e̗̱z̘̝̜̺͙p̤̺̹͍̯͚e̠̻̠͜r̨̤͍̺̖͔̖̖d̠̟̭̬̝͟i̦͖̩͓͔̤a̠̗̬͉̙n͚͜ ̻̞̰͚ͅh̵͉i̳̞v̢͇ḙ͎͟-҉̭̩̼͔m̤̭̫i͕͇̝̦n̗͙ḍ̟ ̯̲͕͞ǫ̟̯̰̲͙̻̝f ̪̰̰̗̖̭̘͘c̦͍̲̞͍̩̙ḥ͚a̮͎̟̙͜ơ̩̹͎s̤.̝̝ ҉Z̡̖̜͖̰̣͉̜a͖̰͙̬͡l̲̫̳͍̩g̡̟̼̱͚̞̬ͅo̗͜.̟,Dean,kdeanng@instagram.com,Male,109.163.32.160
846,̦H̬̤̗̤͝e͜ ̜̥̝̻͍̟́w̕h̖̯͓o̝͙̖͎̱̮ ҉̺̙̞̟͈W̷̼̭a̺̪͍į͈͕̭͙̯̜t̶̼̮s̘͙͖̕ ̠̫̠B̻͍͙͉̳ͅe̵h̵̬͇̫͙i̹͓̳̳̮͎̫̕n͟d̴̪̜̖ ̰͉̩͇͙̲͞ͅT͖̼͓̪͢h͏͓̮̻e̬̝̟ͅ ̤̹̝W͙̞̝͔͇͝ͅa͏͓͔̹̼̣l̴͔̰̤̟͔ḽ̫.͕,Romero,jromeronh@epa.gov,Female,29.22.202.68
847,<img src=x onerror=alert('hi') />,Elliott,relliottni@github.com,Male,255.106.45.212
848,0/0,Thomas,rthomasnj@reference.com,Female,162.28.80.36
849,・(￣∀￣)・:*:,Palmer,tpalmernk@bbc.co.uk,Male,145.231.29.118
850,"ثم نفس سقطت وبالتحديد،, جزيرتي باستخدام أن دنو. إذ هنا؟ الستار وتنصيب كان. أهّل ايطاليا، بريطانيا-فرنسا قد أخذ. سليمان، إتفاقية بين ما, يذكر الحدود أي بعد, معاملة بولندا، الإطلاق عل إيو.",Greene,rgreenenl@miitbeian.gov.cn,Male,181.137.100.22
851,🐵 🙈 🙉 🙊,Henderson,jhendersonnm@ebay.com,Male,129.158.43.205
852,¸˛Ç◊ı˜Â¯˘¿,Spencer,gspencernn@opera.com,Male,18.88.185.243
853,̡͓̞ͅI̗̘̦͝n͇͇͙v̮̫ok̲̫̙͈i̖͙̭̹̠̞n̡̻̮̣̺g̲͈͙̭͙̬͎ ̰t͔̦h̞̲e̢̤ ͍̬̲͖f̴̘͕̣è͖ẹ̥̩l͖͔͚i͓͚̦͠n͖͍̗͓̳̮g͍ ̨o͚̪͡f̘̣̬ ̖̘͖̟͙̮c҉͔̫͖͓͇͖ͅh̵̤̣͚͔á̗̼͕ͅo̼̣̥s̱͈̺̖̦̻͢.̛̖̞̠̫̰,Davis,rdavisno@dot.gov,Female,234.118.243.141
854,｀ｨ(´∀｀∩,Robertson,jrobertsonnp@taobao.com,Male,118.216.59.105
855,0️⃣ 1️⃣ 2️⃣ 3️⃣ 4️⃣ 5️⃣ 6️⃣ 7️⃣ 8️⃣ 9️⃣ 🔟,Cole,kcolenq@imdb.com,Female,224.154.198.204
856,$1.00,Nelson,wnelsonnr@spotify.com,Female,160.76.106.35
857,̡͓̞ͅI̗̘̦͝n͇͇͙v̮̫ok̲̫̙͈i̖͙̭̹̠̞n̡̻̮̣̺g̲͈͙̭͙̬͎ ̰t͔̦h̞̲e̢̤ ͍̬̲͖f̴̘͕̣è͖ẹ̥̩l͖͔͚i͓͚̦͠n͖͍̗͓̳̮g͍ ̨o͚̪͡f̘̣̬ ̖̘͖̟͙̮c҉͔̫͖͓͇͖ͅh̵̤̣͚͔á̗̼͕ͅo̼̣̥s̱͈̺̖̦̻͢.̛̖̞̠̫̰,Watson,gwatsonns@nbcnews.com,Female,91.227.227.123
858,999999999999999999999999999999999999999999999999999999999999999999999999999999999999999999999999,Medina,lmedinant@amazonaws.com,Female,15.230.250.252
859,1/0,Hamilton,thamiltonnu@1688.com,Male,83.253.145.86
860,œ∑´®†¥¨ˆøπ“‘,Duncan,lduncannv@sbwire.com,Female,116.155.213.196
861,̡͓̞ͅI̗̘̦͝n͇͇͙v̮̫ok̲̫̙͈i̖͙̭̹̠̞n̡̻̮̣̺g̲͈͙̭͙̬͎ ̰t͔̦h̞̲e̢̤ ͍̬̲͖f̴̘͕̣è͖ẹ̥̩l͖͔͚i͓͚̦͠n͖͍̗͓̳̮g͍ ̨o͚̪͡f̘̣̬ ̖̘͖̟͙̮c҉͔̫͖͓͇͖ͅh̵̤̣͚͔á̗̼͕ͅo̼̣̥s̱͈̺̖̦̻͢.̛̖̞̠̫̰,Ross,jrossnw@disqus.com,Female,219.209.192.126
862,社會科學院語學研究所,Garza,sgarzanx@reference.com,Male,240.95.1.162
863,../../../../../../../../../../../etc/passwd%00,Morales,wmoralesny@issuu.com,Female,9.116.123.37
864,!@#$%^&*(),Moreno,mmorenonz@sfgate.com,Female,81.107.2.252
865,␢,Peterson,dpetersono0@prnewswire.com,Male,182.31.154.185
866,😍,Boyd,gboydo1@cnet.com,Female,170.181.235.103
867,() { _; } >_[$($())] { touch /tmp/blns.shellshock2.fail; },Burke,mburkeo2@alibaba.com,Female,110.17.202.228
868,$1.00,Henderson,ghendersono3@diigo.com,Female,173.105.171.253
869,$1.00,Mccoy,jmccoyo4@upenn.edu,Male,226.184.251.116
870,œ∑´®†¥¨ˆøπ“‘,Ruiz,pruizo5@economist.com,Male,165.76.29.205
871,1'; DROP TABLE users--,Henry,jhenryo6@usa.gov,Female,162.252.164.178
872,(ﾉಥ益ಥ）ﾉ﻿ ┻━┻,Ryan,cryano7@addtoany.com,Male,255.193.114.103
873,・(￣∀￣)・:*:,Tucker,rtuckero8@dedecms.com,Female,125.160.238.201
874,"'""'",Larson,llarsono9@amazon.co.jp,Male,205.131.61.29
875, test ,Davis,ldavisoa@indiatimes.com,Female,116.64.159.54
876,"""'""'""''''""",Watson,jwatsonob@bbb.org,Female,184.229.22.118
877,<img src=x onerror=alert('hi') />,Roberts,hrobertsoc@devhub.com,Male,15.238.165.193
878,',Welch,vwelchod@bluehost.com,Male,149.26.213.247
879,⁰⁴⁵,Olson,lolsonoe@amazon.co.jp,Female,79.158.166.247
880,Ṱ̺̺̕o͞ ̷i̲̬͇̪͙n̝̗͕v̟̜̘̦͟o̶̙̰̠kè͚̮̺̪̹̱̤ ̖t̝͕̳̣̻̪͞h̼͓̲̦̳̘̲e͇̣̰̦̬͎ ̢̼̻̱̘h͚͎͙̜̣̲ͅi̦̲̣̰̤v̻͍e̺̭̳̪̰-m̢iͅn̖̺̞̲̯̰d̵̼̟͙̩̼̘̳ ̞̥̱̳̭r̛̗̘e͙p͠r̼̞̻̭̗e̺̠̣͟s̘͇̳͍̝͉e͉̥̯̞̲͚̬͜ǹ̬͎͎̟̖͇̤t͍̬̤͓̼̭͘ͅi̪̱n͠g̴͉ ͏͉ͅc̬̟h͡a̫̻̯͘o̫̟̖͍̙̝͉s̗̦̲.̨̹͈̣,Ryan,pryanof@discuz.net,Male,110.179.115.88
881,999999999999999999999999999999999999999999999999999999999999999999999999999999999999999999999999,Palmer,mpalmerog@furl.net,Female,148.102.75.113
882,1;DROP TABLE users,Alvarez,salvarezoh@cam.ac.uk,Female,30.142.244.84
883,1'; DROP TABLE users--,Dean,ldeanoi@homestead.com,Female,70.101.37.141
884,𠜎𠜱𠝹𠱓𠱸𠲖𠳏,Hicks,shicksoj@de.vu,Male,81.225.23.133
885,‪‪test‪,White,jwhiteok@netlog.com,Male,198.19.41.62
886,ÅÍÎÏ˝ÓÔÒÚÆ☃,Watkins,rwatkinsol@1688.com,Female,155.143.141.138
887,../../../../../../../../../../../etc/hosts,Long,blongom@geocities.jp,Female,40.88.6.217
888,田中さんにあげて下さい,Rodriguez,jrodriguezon@sohu.com,Male,133.176.238.84
889,사회과학원 어학연구소,West,bwestoo@time.com,Female,74.14.214.126
890,部落格,Schmidt,jschmidtop@independent.co.uk,Female,122.200.60.98
891,𠜎𠜱𠝹𠱓𠱸𠲖𠳏,Larson,tlarsonoq@pen.io,Female,249.206.53.51
892, test ,Lawson,jlawsonor@purevolume.com,Male,199.238.190.5
893,ÅÍÎÏ˝ÓÔÒÚÆ☃,Austin,gaustinos@comsenz.com,Female,109.136.227.218
894,() { _; } >_[$($())] { touch /tmp/blns.shellshock2.fail; },Burke,jburkeot@omniture.com,Male,37.217.221.55
895,̗̺͖̹̯͓Ṯ̤͍̥͇͈h̲́e͏͓̼̗̙̼̣͔ ͇̜̱̠͓͍ͅN͕͠e̗̱z̘̝̜̺͙p̤̺̹͍̯͚e̠̻̠͜r̨̤͍̺̖͔̖̖d̠̟̭̬̝͟i̦͖̩͓͔̤a̠̗̬͉̙n͚͜ ̻̞̰͚ͅh̵͉i̳̞v̢͇ḙ͎͟-҉̭̩̼͔m̤̭̫i͕͇̝̦n̗͙ḍ̟ ̯̲͕͞ǫ̟̯̰̲͙̻̝f ̪̰̰̗̖̭̘͘c̦͍̲̞͍̩̙ḥ͚a̮͎̟̙͜ơ̩̹͎s̤.̝̝ ҉Z̡̖̜͖̰̣͉̜a͖̰͙̬͡l̲̫̳͍̩g̡̟̼̱͚̞̬ͅo̗͜.̟,Diaz,jdiazou@pbs.org,Female,5.202.233.229
896,"""'""'""''''""",Weaver,rweaverov@is.gd,Female,147.171.23.199
897,-1E+02,Andrews,bandrewsow@altervista.org,Female,56.233.31.44
898,0.00,Mendoza,cmendozaox@topsy.com,Male,110.94.9.44
899,𠜎𠜱𠝹𠱓𠱸𠲖𠳏,Walker,mwalkeroy@washington.edu,Male,181.82.72.133
900,!@#$%^&*(),Peters,jpetersoz@privacy.gov.au,Female,192.110.6.37
901,​,Snyder,wsnyderp0@drupal.org,Female,87.194.210.195
902,Ω≈ç√∫˜µ≤≥÷,Warren,jwarrenp1@bizjournals.com,Male,68.188.78.149
903, test ,Woods,dwoodsp2@usda.gov,Female,43.196.13.29
904,() { _; } >_[$($())] { touch /tmp/blns.shellshock2.fail; },Murray,smurrayp3@webmd.com,Male,155.122.198.10
905,ÅÍÎÏ˝ÓÔÒÚÆ☃,Green,egreenp4@vk.com,Female,164.240.50.50
906,̡͓̞ͅI̗̘̦͝n͇͇͙v̮̫ok̲̫̙͈i̖͙̭̹̠̞n̡̻̮̣̺g̲͈͙̭͙̬͎ ̰t͔̦h̞̲e̢̤ ͍̬̲͖f̴̘͕̣è͖ẹ̥̩l͖͔͚i͓͚̦͠n͖͍̗͓̳̮g͍ ̨o͚̪͡f̘̣̬ ̖̘͖̟͙̮c҉͔̫͖͓͇͖ͅh̵̤̣͚͔á̗̼͕ͅo̼̣̥s̱͈̺̖̦̻͢.̛̖̞̠̫̰,Thomas,jthomasp5@bizjournals.com,Male,90.53.187.157
907,̦H̬̤̗̤͝e͜ ̜̥̝̻͍̟́w̕h̖̯͓o̝͙̖͎̱̮ ҉̺̙̞̟͈W̷̼̭a̺̪͍į͈͕̭͙̯̜t̶̼̮s̘͙͖̕ ̠̫̠B̻͍͙͉̳ͅe̵h̵̬͇̫͙i̹͓̳̳̮͎̫̕n͟d̴̪̜̖ ̰͉̩͇͙̲͞ͅT͖̼͓̪͢h͏͓̮̻e̬̝̟ͅ ̤̹̝W͙̞̝͔͇͝ͅa͏͓͔̹̼̣l̴͔̰̤̟͔ḽ̫.͕,Gibson,dgibsonp6@networksolutions.com,Male,51.61.198.123
908,999999999999999999999999999999999999999999999999999999999999999999999999999999999999999999999999,Fisher,sfisherp7@geocities.com,Male,54.26.170.102
909,ﾟ･✿ヾ╲(｡◕‿◕｡)╱✿･ﾟ,Watkins,dwatkinsp8@ft.com,Female,38.41.233.144
910,NULL,Rose,jrosep9@mtv.com,Female,145.84.70.210
911,"בְּרֵאשִׁית, בָּרָא אֱלֹהִים, אֵת הַשָּׁמַיִם, וְאֵת הָאָרֶץ",Harper,dharperpa@google.com.hk,Male,122.96.226.44
912,ﾟ･✿ヾ╲(｡◕‿◕｡)╱✿･ﾟ,Perkins,sperkinspb@businessweek.com,Male,77.158.227.189
913,1/0,Ramos,rramospc@upenn.edu,Female,194.201.50.160
914,‫test‫,Dunn,rdunnpd@bravesites.com,Male,2.206.44.154
915,-1E+02,Larson,rlarsonpe@youtu.be,Female,208.62.169.235
916,﻿,Bennett,rbennettpf@smugmug.com,Male,97.212.219.51
917,ﾟ･✿ヾ╲(｡◕‿◕｡)╱✿･ﾟ,Rice,nricepg@dedecms.com,Male,40.86.180.65
918,␣,Hughes,rhughesph@bloomberg.com,Male,61.55.119.16
919,-$1.00,Marshall,lmarshallpi@comsenz.com,Male,175.250.150.208
920,(╯°□°）╯︵ ┻━┻)  ,Dean,sdeanpj@tiny.cc,Female,114.65.235.196
921,',Kelly,lkellypk@phpbb.com,Female,11.47.121.104
922,田中さんにあげて下さい,Burns,dburnspl@furl.net,Male,232.152.70.206
923,ﾟ･✿ヾ╲(｡◕‿◕｡)╱✿･ﾟ,Bishop,jbishoppm@usgs.gov,Female,60.77.40.133
924,1E+02,Watkins,ewatkinspn@hud.gov,Male,76.184.175.207
925,👾 🙇 💁 🙅 🙆 🙋 🙎 🙍 ,Carpenter,rcarpenterpo@oaic.gov.au,Male,12.206.86.107
926,-1E02,Powell,jpowellpp@dyndns.org,Female,140.110.103.60
927,$1.00,Sanders,jsanderspq@home.pl,Male,231.229.195.238
928,-1E02,Mason,jmasonpr@about.me,Female,31.27.228.154
929,␣,Burns,tburnsps@miibeian.gov.cn,Female,120.200.222.65
930,̗̺͖̹̯͓Ṯ̤͍̥͇͈h̲́e͏͓̼̗̙̼̣͔ ͇̜̱̠͓͍ͅN͕͠e̗̱z̘̝̜̺͙p̤̺̹͍̯͚e̠̻̠͜r̨̤͍̺̖͔̖̖d̠̟̭̬̝͟i̦͖̩͓͔̤a̠̗̬͉̙n͚͜ ̻̞̰͚ͅh̵͉i̳̞v̢͇ḙ͎͟-҉̭̩̼͔m̤̭̫i͕͇̝̦n̗͙ḍ̟ ̯̲͕͞ǫ̟̯̰̲͙̻̝f ̪̰̰̗̖̭̘͘c̦͍̲̞͍̩̙ḥ͚a̮͎̟̙͜ơ̩̹͎s̤.̝̝ ҉Z̡̖̜͖̰̣͉̜a͖̰͙̬͡l̲̫̳͍̩g̡̟̼̱͚̞̬ͅo̗͜.̟,Sullivan,jsullivanpt@ted.com,Male,95.142.5.72
931,../../../../../../../../../../../etc/hosts,Foster,jfosterpu@hexun.com,Female,127.94.109.119
932,田中さんにあげて下さい,Snyder,ssnyderpv@gravatar.com,Female,198.109.185.56
933,̦H̬̤̗̤͝e͜ ̜̥̝̻͍̟́w̕h̖̯͓o̝͙̖͎̱̮ ҉̺̙̞̟͈W̷̼̭a̺̪͍į͈͕̭͙̯̜t̶̼̮s̘͙͖̕ ̠̫̠B̻͍͙͉̳ͅe̵h̵̬͇̫͙i̹͓̳̳̮͎̫̕n͟d̴̪̜̖ ̰͉̩͇͙̲͞ͅT͖̼͓̪͢h͏͓̮̻e̬̝̟ͅ ̤̹̝W͙̞̝͔͇͝ͅa͏͓͔̹̼̣l̴͔̰̤̟͔ḽ̫.͕,Montgomery,mmontgomerypw@examiner.com,Female,173.83.73.1
934,0.00,Taylor,jtaylorpx@github.com,Female,197.99.14.180
935,-1E02,Johnson,sjohnsonpy@nature.com,Female,76.188.215.160
936,"""",Hanson,ahansonpz@marketwatch.com,Female,205.38.16.50
937,🐵 🙈 🙉 🙊,Hawkins,jhawkinsq0@elpais.com,Male,123.24.33.243
938,() { _; } >_[$($())] { touch /tmp/blns.shellshock2.fail; },Crawford,ncrawfordq1@miibeian.gov.cn,Female,157.110.248.248
939,1,Grant,mgrantq2@alibaba.com,Male,130.106.198.221
940,̗̺͖̹̯͓Ṯ̤͍̥͇͈h̲́e͏͓̼̗̙̼̣͔ ͇̜̱̠͓͍ͅN͕͠e̗̱z̘̝̜̺͙p̤̺̹͍̯͚e̠̻̠͜r̨̤͍̺̖͔̖̖d̠̟̭̬̝͟i̦͖̩͓͔̤a̠̗̬͉̙n͚͜ ̻̞̰͚ͅh̵͉i̳̞v̢͇ḙ͎͟-҉̭̩̼͔m̤̭̫i͕͇̝̦n̗͙ḍ̟ ̯̲͕͞ǫ̟̯̰̲͙̻̝f ̪̰̰̗̖̭̘͘c̦͍̲̞͍̩̙ḥ͚a̮͎̟̙͜ơ̩̹͎s̤.̝̝ ҉Z̡̖̜͖̰̣͉̜a͖̰͙̬͡l̲̫̳͍̩g̡̟̼̱͚̞̬ͅo̗͜.̟,Ford,kfordq3@patch.com,Female,217.19.181.60
941,ÅÍÎÏ˝ÓÔÒÚÆ☃,Henderson,bhendersonq4@apple.com,Male,55.151.149.40
942,␡,Gonzales,rgonzalesq5@stanford.edu,Male,87.205.137.108
943,<script>alert('hi')</script>,Hayes,jhayesq6@cyberchimps.com,Male,163.35.109.196
944,部落格,Castillo,lcastilloq7@reuters.com,Male,191.188.145.237
945,﻿,Nelson,jnelsonq8@economist.com,Female,67.19.242.132
946,和製漢語,Franklin,gfranklinq9@shutterfly.com,Female,137.40.39.103
947,Œ„´‰ˇÁ¨ˆØ∏”’,Romero,cromeroqa@reuters.com,Male,150.23.55.152
948,(ﾉಥ益ಥ）ﾉ﻿ ┻━┻,Hall,jhallqb@360.cn,Male,162.64.184.152
949,-$1.00,Hamilton,thamiltonqc@blinklist.com,Female,235.109.36.175
950,¡™£¢∞§¶•ªº–≠,Hart,whartqd@unicef.org,Female,118.150.31.37
951,¸˛Ç◊ı˜Â¯˘¿,Elliott,celliottqe@xing.com,Female,121.37.94.51
952,⁦test⁧,Turner,mturnerqf@mail.ru,Female,68.209.12.78
953,ﾟ･✿ヾ╲(｡◕‿◕｡)╱✿･ﾟ,Frazier,efrazierqg@google.pl,Female,125.106.201.100
954,̡͓̞ͅI̗̘̦͝n͇͇͙v̮̫ok̲̫̙͈i̖͙̭̹̠̞n̡̻̮̣̺g̲͈͙̭͙̬͎ ̰t͔̦h̞̲e̢̤ ͍̬̲͖f̴̘͕̣è͖ẹ̥̩l͖͔͚i͓͚̦͠n͖͍̗͓̳̮g͍ ̨o͚̪͡f̘̣̬ ̖̘͖̟͙̮c҉͔̫͖͓͇͖ͅh̵̤̣͚͔á̗̼͕ͅo̼̣̥s̱͈̺̖̦̻͢.̛̖̞̠̫̰,Armstrong,marmstrongqh@indiegogo.com,Female,37.244.246.181
955, ,Greene,jgreeneqi@wsj.com,Female,39.179.149.144
956,・(￣∀￣)・:*:,Tucker,wtuckerqj@sbwire.com,Female,89.116.154.9
957, test ,West,dwestqk@dagondesign.com,Female,54.46.249.65
958,␢,Garza,sgarzaql@pcworld.com,Male,143.106.131.111
959, ,Gutierrez,jgutierrezqm@unblog.fr,Male,67.82.44.251
960,部落格,Graham,sgrahamqn@prweb.com,Female,5.55.228.28
961,œ∑´®†¥¨ˆøπ“‘,Edwards,hedwardsqo@vistaprint.com,Female,244.134.107.184
962,田中さんにあげて下さい,Turner,sturnerqp@home.pl,Male,162.24.181.101
963,",。・:*:・゜’( ☻ ω ☻ )。・:*:・゜’",Rivera,rriveraqq@independent.co.uk,Female,220.130.175.66
964,・(￣∀￣)・:*:,Bailey,jbaileyqr@google.cn,Male,229.191.215.201
965,-1.00,Cook,jcookqs@github.io,Male,163.133.236.5
966,"<>?:""{}|_+",Gardner,dgardnerqt@apache.org,Female,13.76.39.139
967,<script>alert('hi')</script>,Hicks,thicksqu@dedecms.com,Male,36.179.147.34
968,../../../../../../../../../../../etc/hosts,Simmons,jsimmonsqv@diigo.com,Male,92.216.99.53
969,1/2,Arnold,rarnoldqw@geocities.com,Male,28.208.119.11
970,,Edwards,ledwardsqx@homestead.com,Female,45.236.213.250
971,1,Ross,srossqy@nsw.gov.au,Male,156.230.112.200
972,../../../../../../../../../../../etc/passwd%00,Tucker,ftuckerqz@elegantthemes.com,Female,150.176.67.193
973,社會科學院語學研究所,George,jgeorger0@scientificamerican.com,Male,238.68.19.5
974, ,Daniels,bdanielsr1@tripod.com,Female,159.204.219.119
975,"__ﾛ(,_,*)",Sullivan,ssullivanr2@live.com,Female,11.71.244.20
976,・(￣∀￣)・:*:,Boyd,nboydr3@narod.ru,Female,73.222.24.92
977,ﾟ･✿ヾ╲(｡◕‿◕｡)╱✿･ﾟ,Stanley,kstanleyr4@smh.com.au,Female,38.118.211.241
978,1E02,Johnson,rjohnsonr5@cnn.com,Female,150.218.133.52
979,１２３,Henry,jhenryr6@scientificamerican.com,Female,199.177.69.194
980,../../../../../../../../../../../etc/passwd%00,Hudson,rhudsonr7@baidu.com,Male,154.132.192.46
981,１２３,Gutierrez,pgutierrezr8@dot.gov,Female,3.6.169.142
982,(｡◕ ∀ ◕｡),Russell,drussellr9@chronoengine.com,Male,3.150.18.129
983,הָיְתָהtestالصفحات التّحول,Castillo,ccastillora@sitemeter.com,Female,255.248.219.192
984,１２３,Green,dgreenrb@google.com.au,Male,46.150.23.136
985,1'; DROP TABLE users--,Woods,jwoodsrc@senate.gov,Female,207.43.76.255
986,"בְּרֵאשִׁית, בָּרָא אֱלֹהִים, אֵת הַשָּׁמַיִם, וְאֵת הָאָרֶץ",Ramirez,aramirezrd@un.org,Male,118.108.86.27
987,(╯°□°）╯︵ ┻━┻)  ,Harper,lharperre@techcrunch.com,Male,138.206.91.60
988,1'; DROP TABLE users--,Hudson,lhudsonrf@multiply.com,Male,227.81.22.1
989,᠎,Burke,kburkerg@youku.com,Female,166.145.16.12
990,Ṱ̺̺̕o͞ ̷i̲̬͇̪͙n̝̗͕v̟̜̘̦͟o̶̙̰̠kè͚̮̺̪̹̱̤ ̖t̝͕̳̣̻̪͞h̼͓̲̦̳̘̲e͇̣̰̦̬͎ ̢̼̻̱̘h͚͎͙̜̣̲ͅi̦̲̣̰̤v̻͍e̺̭̳̪̰-m̢iͅn̖̺̞̲̯̰d̵̼̟͙̩̼̘̳ ̞̥̱̳̭r̛̗̘e͙p͠r̼̞̻̭̗e̺̠̣͟s̘͇̳͍̝͉e͉̥̯̞̲͚̬͜ǹ̬͎͎̟̖͇̤t͍̬̤͓̼̭͘ͅi̪̱n͠g̴͉ ͏͉ͅc̬̟h͡a̫̻̯͘o̫̟̖͍̙̝͉s̗̦̲.̨̹͈̣,Day,sdayrh@geocities.com,Male,37.62.182.228
991,NIL,Alexander,ialexanderri@blog.com,Male,43.216.97.147
992,⁰⁴⁵₀₁₂,Arnold,parnoldrj@vistaprint.com,Male,84.218.135.89
993, ,Arnold,marnoldrk@guardian.co.uk,Male,111.178.66.184
994,̦H̬̤̗̤͝e͜ ̜̥̝̻͍̟́w̕h̖̯͓o̝͙̖͎̱̮ ҉̺̙̞̟͈W̷̼̭a̺̪͍į͈͕̭͙̯̜t̶̼̮s̘͙͖̕ ̠̫̠B̻͍͙͉̳ͅe̵h̵̬͇̫͙i̹͓̳̳̮͎̫̕n͟d̴̪̜̖ ̰͉̩͇͙̲͞ͅT͖̼͓̪͢h͏͓̮̻e̬̝̟ͅ ̤̹̝W͙̞̝͔͇͝ͅa͏͓͔̹̼̣l̴͔̰̤̟͔ḽ̫.͕,Berry,kberryrl@istockphoto.com,Male,135.158.112.3
995,,Watson,lwatsonrm@exblog.jp,Female,46.165.117.225
996,"""",Turner,jturnerrn@imdb.com,Female,199.148.104.248
997, test ,Watson,kwatsonro@goodreads.com,Female,247.195.188.176
998,-1E02,Sanchez,wsanchezrp@foxnews.com,Male,4.143.208.54
999,",。・:*:・゜’( ☻ ω ☻ )。・:*:・゜’",Burns,vburnsrq@creativecommons.org,Female,159.227.13.101
1000,<svg><script>0<1>alert('XSS')</script>,Cunningham,pcunninghamrr@hp.com,Male,97.21.136.96
